Diffusion Energy,Rotation Energy,Coupling Energy,Comparison File,Frequency Similarity Score
0.8,1.1,0.3,C:\Users\User\Desktop\research-updates\NetworkQualityAnalysis\STM02_graph_metrics.csv,48.48666666666666
0.8,1.1,0.3,C:\Users\User\Desktop\research-updates\NetworkQualityAnalysis\STM114_graph_metrics.csv,49.08666666666667
0.8,1.1,0.3,C:\Users\User\Desktop\research-updates\NetworkQualityAnalysis\STM123_graph_metrics.csv,205.28666666666663
0.8,1.1,0.3,C:\Users\User\Desktop\research-updates\NetworkQualityAnalysis\STM131_graph_metrics.csv,138.95333333333335
0.8,1.1,0.3,C:\Users\User\Desktop\research-updates\NetworkQualityAnalysis\STM194_graph_metrics.csv,37.315000000000005
0.8,1.1,0.3,C:\Users\User\Desktop\research-updates\NetworkQualityAnalysis\STM20_graph_metrics.csv,43.68666666666667
0.8,1.1,0.3,C:\Users\User\Desktop\research-updates\NetworkQualityAnalysis\STM31_graph_metrics.csv,37.76499999999999
0.8,1.1,0.3,C:\Users\User\Desktop\research-updates\NetworkQualityAnalysis\STM57_b_graph_metrics.csv,43.02000000000001
0.8,1.1,0.3,C:\Users\User\Desktop\research-updates\NetworkQualityAnalysis\STM57_c_graph_metrics.csv,94.76500000000001
0.8,1.1,0.3,C:\Users\User\Desktop\research-updates\NetworkQualityAnalysis\STM57_graph_metrics.csv,36.15333333333332
0.8,1.1,0.3,C:\Users\User\Desktop\research-updates\NetworkQualityAnalysis\STM79_graph_metrics.csv,64.41999999999997
0.8,1.1,0.3,C:\Users\User\Desktop\research-updates\NetworkQualityAnalysis\STM86_graph_metrics.csv,420.08666666666664
0.8,1.1,0.3,C:\Users\User\Desktop\research-updates\NetworkQualityAnalysis\TestForSkeletonization_2_graph_metrics.csv,656.8650000000001
0.8,1.1,0.6,C:\Users\User\Desktop\research-updates\NetworkQualityAnalysis\STM02_graph_metrics.csv,57.24
0.8,1.1,0.6,C:\Users\User\Desktop\research-updates\NetworkQualityAnalysis\STM114_graph_metrics.csv,63.906666666666666
0.8,1.1,0.6,C:\Users\User\Desktop\research-updates\NetworkQualityAnalysis\STM123_graph_metrics.csv,201.04000000000005
0.8,1.1,0.6,C:\Users\User\Desktop\research-updates\NetworkQualityAnalysis\STM131_graph_metrics.csv,154.64000000000001
0.8,1.1,0.6,C:\Users\User\Desktop\research-updates\NetworkQualityAnalysis\STM194_graph_metrics.csv,47.13
0.8,1.1,0.6,C:\Users\User\Desktop\research-updates\NetworkQualityAnalysis\STM20_graph_metrics.csv,48.973333333333336
0.8,1.1,0.6,C:\Users\User\Desktop\research-updates\NetworkQualityAnalysis\STM31_graph_metrics.csv,42.38
0.8,1.1,0.6,C:\Users\User\Desktop\research-updates\NetworkQualityAnalysis\STM57_b_graph_metrics.csv,50.90666666666667
0.8,1.1,0.6,C:\Users\User\Desktop\research-updates\NetworkQualityAnalysis\STM57_c_graph_metrics.csv,109.78
0.8,1.1,0.6,C:\Users\User\Desktop\research-updates\NetworkQualityAnalysis\STM57_graph_metrics.csv,43.173333333333325
0.8,1.1,0.6,C:\Users\User\Desktop\research-updates\NetworkQualityAnalysis\STM79_graph_metrics.csv,70.57333333333332
0.8,1.1,0.6,C:\Users\User\Desktop\research-updates\NetworkQualityAnalysis\STM86_graph_metrics.csv,434.9066666666667
0.8,1.1,0.6,C:\Users\User\Desktop\research-updates\NetworkQualityAnalysis\TestForSkeletonization_2_graph_metrics.csv,679.03
0.8,1.1,0.8999999999999999,C:\Users\User\Desktop\research-updates\NetworkQualityAnalysis\STM02_graph_metrics.csv,36.54
0.8,1.1,0.8999999999999999,C:\Users\User\Desktop\research-updates\NetworkQualityAnalysis\STM114_graph_metrics.csv,38.006666666666675
0.8,1.1,0.8999999999999999,C:\Users\User\Desktop\research-updates\NetworkQualityAnalysis\STM123_graph_metrics.csv,265.54
0.8,1.1,0.8999999999999999,C:\Users\User\Desktop\research-updates\NetworkQualityAnalysis\STM131_graph_metrics.csv,64.74000000000001
0.8,1.1,0.8999999999999999,C:\Users\User\Desktop\research-updates\NetworkQualityAnalysis\STM194_graph_metrics.csv,18.405000000000005
0.8,1.1,0.8999999999999999,C:\Users\User\Desktop\research-updates\NetworkQualityAnalysis\STM20_graph_metrics.csv,14.273333333333332
0.8,1.1,0.8999999999999999,C:\Users\User\Desktop\research-updates\NetworkQualityAnalysis\STM31_graph_metrics.csv,41.254999999999995
0.8,1.1,0.8999999999999999,C:\Users\User\Desktop\research-updates\NetworkQualityAnalysis\STM57_b_graph_metrics.csv,7.806666666666672
0.8,1.1,0.8999999999999999,C:\Users\User\Desktop\research-updates\NetworkQualityAnalysis\STM57_c_graph_metrics.csv,61.555000000000014
0.8,1.1,0.8999999999999999,C:\Users\User\Desktop\research-updates\NetworkQualityAnalysis\STM57_graph_metrics.csv,64.07333333333334
0.8,1.1,0.8999999999999999,C:\Users\User\Desktop\research-updates\NetworkQualityAnalysis\STM79_graph_metrics.csv,90.67333333333333
0.8,1.1,0.8999999999999999,C:\Users\User\Desktop\research-updates\NetworkQualityAnalysis\STM86_graph_metrics.csv,247.00666666666666
0.8,1.1,0.8999999999999999,C:\Users\User\Desktop\research-updates\NetworkQualityAnalysis\TestForSkeletonization_2_graph_metrics.csv,532.105
0.8,1.1,1.2,C:\Users\User\Desktop\research-updates\NetworkQualityAnalysis\STM02_graph_metrics.csv,38.846666666666685
0.8,1.1,1.2,C:\Users\User\Desktop\research-updates\NetworkQualityAnalysis\STM114_graph_metrics.csv,37.78
0.8,1.1,1.2,C:\Users\User\Desktop\research-updates\NetworkQualityAnalysis\STM123_graph_metrics.csv,284.2466666666667
0.8,1.1,1.2,C:\Users\User\Desktop\research-updates\NetworkQualityAnalysis\STM131_graph_metrics.csv,54.77999999999997
0.8,1.1,1.2,C:\Users\User\Desktop\research-updates\NetworkQualityAnalysis\STM194_graph_metrics.csv,17.235000000000003
0.8,1.1,1.2,C:\Users\User\Desktop\research-updates\NetworkQualityAnalysis\STM20_graph_metrics.csv,15.513333333333344
0.8,1.1,1.2,C:\Users\User\Desktop\research-updates\NetworkQualityAnalysis\STM31_graph_metrics.csv,45.685000000000024
0.8,1.1,1.2,C:\Users\User\Desktop\research-updates\NetworkQualityAnalysis\STM57_b_graph_metrics.csv,7.046666666666663
0.8,1.1,1.2,C:\Users\User\Desktop\research-updates\NetworkQualityAnalysis\STM57_c_graph_metrics.csv,55.984999999999985
0.8,1.1,1.2,C:\Users\User\Desktop\research-updates\NetworkQualityAnalysis\STM57_graph_metrics.csv,73.0466666666667
0.8,1.1,1.2,C:\Users\User\Desktop\research-updates\NetworkQualityAnalysis\STM79_graph_metrics.csv,99.78000000000003
0.8,1.1,1.2,C:\Users\User\Desktop\research-updates\NetworkQualityAnalysis\STM86_graph_metrics.csv,222.77999999999997
0.8,1.1,1.2,C:\Users\User\Desktop\research-updates\NetworkQualityAnalysis\TestForSkeletonization_2_graph_metrics.csv,509.8349999999999
0.8,1.35,0.3,C:\Users\User\Desktop\research-updates\NetworkQualityAnalysis\STM02_graph_metrics.csv,60.046666666666674
0.8,1.35,0.3,C:\Users\User\Desktop\research-updates\NetworkQualityAnalysis\STM114_graph_metrics.csv,66.44666666666667
0.8,1.35,0.3,C:\Users\User\Desktop\research-updates\NetworkQualityAnalysis\STM123_graph_metrics.csv,199.84666666666666
0.8,1.35,0.3,C:\Users\User\Desktop\research-updates\NetworkQualityAnalysis\STM131_graph_metrics.csv,161.04666666666668
0.8,1.35,0.3,C:\Users\User\Desktop\research-updates\NetworkQualityAnalysis\STM194_graph_metrics.csv,49.73500000000001
0.8,1.35,0.3,C:\Users\User\Desktop\research-updates\NetworkQualityAnalysis\STM20_graph_metrics.csv,52.98000000000001
0.8,1.35,0.3,C:\Users\User\Desktop\research-updates\NetworkQualityAnalysis\STM31_graph_metrics.csv,43.785000000000004
0.8,1.35,0.3,C:\Users\User\Desktop\research-updates\NetworkQualityAnalysis\STM57_b_graph_metrics.csv,55.180000000000014
0.8,1.35,0.3,C:\Users\User\Desktop\research-updates\NetworkQualityAnalysis\STM57_c_graph_metrics.csv,113.08500000000001
0.8,1.35,0.3,C:\Users\User\Desktop\research-updates\NetworkQualityAnalysis\STM57_graph_metrics.csv,43.580000000000005
0.8,1.35,0.3,C:\Users\User\Desktop\research-updates\NetworkQualityAnalysis\STM79_graph_metrics.csv,71.11333333333333
0.8,1.35,0.3,C:\Users\User\Desktop\research-updates\NetworkQualityAnalysis\STM86_graph_metrics.csv,447.4466666666667
0.8,1.35,0.3,C:\Users\User\Desktop\research-updates\NetworkQualityAnalysis\TestForSkeletonization_2_graph_metrics.csv,687.735
0.8,1.35,0.6,C:\Users\User\Desktop\research-updates\NetworkQualityAnalysis\STM02_graph_metrics.csv,59.08666666666667
0.8,1.35,0.6,C:\Users\User\Desktop\research-updates\NetworkQualityAnalysis\STM114_graph_metrics.csv,52.886666666666656
0.8,1.35,0.6,C:\Users\User\Desktop\research-updates\NetworkQualityAnalysis\STM123_graph_metrics.csv,206.6866666666667
0.8,1.35,0.6,C:\Users\User\Desktop\research-updates\NetworkQualityAnalysis\STM131_graph_metrics.csv,162.08666666666667
0.8,1.35,0.6,C:\Users\User\Desktop\research-updates\NetworkQualityAnalysis\STM194_graph_metrics.csv,44.964999999999996
0.8,1.35,0.6,C:\Users\User\Desktop\research-updates\NetworkQualityAnalysis\STM20_graph_metrics.csv,63.620000000000005
0.8,1.35,0.6,C:\Users\User\Desktop\research-updates\NetworkQualityAnalysis\STM31_graph_metrics.csv,43.815000000000005
0.8,1.35,0.6,C:\Users\User\Desktop\research-updates\NetworkQualityAnalysis\STM57_b_graph_metrics.csv,62.01999999999999
0.8,1.35,0.6,C:\Users\User\Desktop\research-updates\NetworkQualityAnalysis\STM57_c_graph_metrics.csv,101.41499999999999
0.8,1.35,0.6,C:\Users\User\Desktop\research-updates\NetworkQualityAnalysis\STM57_graph_metrics.csv,35.82
0.8,1.35,0.6,C:\Users\User\Desktop\research-updates\NetworkQualityAnalysis\STM79_graph_metrics.csv,65.55333333333334
0.8,1.35,0.6,C:\Users\User\Desktop\research-updates\NetworkQualityAnalysis\STM86_graph_metrics.csv,475.88666666666677
0.8,1.35,0.6,C:\Users\User\Desktop\research-updates\NetworkQualityAnalysis\TestForSkeletonization_2_graph_metrics.csv,685.215
0.8,1.35,0.8999999999999999,C:\Users\User\Desktop\research-updates\NetworkQualityAnalysis\STM02_graph_metrics.csv,37.5
0.8,1.35,0.8999999999999999,C:\Users\User\Desktop\research-updates\NetworkQualityAnalysis\STM114_graph_metrics.csv,42.166666666666664
0.8,1.35,0.8999999999999999,C:\Users\User\Desktop\research-updates\NetworkQualityAnalysis\STM123_graph_metrics.csv,250.5
0.8,1.35,0.8999999999999999,C:\Users\User\Desktop\research-updates\NetworkQualityAnalysis\STM131_graph_metrics.csv,77.16666666666667
0.8,1.35,0.8999999999999999,C:\Users\User\Desktop\research-updates\NetworkQualityAnalysis\STM194_graph_metrics.csv,22.125
0.8,1.35,0.8999999999999999,C:\Users\User\Desktop\research-updates\NetworkQualityAnalysis\STM20_graph_metrics.csv,15.5
0.8,1.35,0.8999999999999999,C:\Users\User\Desktop\research-updates\NetworkQualityAnalysis\STM31_graph_metrics.csv,39.375
0.8,1.35,0.8999999999999999,C:\Users\User\Desktop\research-updates\NetworkQualityAnalysis\STM57_b_graph_metrics.csv,11.166666666666666
0.8,1.35,0.8999999999999999,C:\Users\User\Desktop\research-updates\NetworkQualityAnalysis\STM57_c_graph_metrics.csv,69.875
0.8,1.35,0.8999999999999999,C:\Users\User\Desktop\research-updates\NetworkQualityAnalysis\STM57_graph_metrics.csv,59.166666666666664
0.8,1.35,0.8999999999999999,C:\Users\User\Desktop\research-updates\NetworkQualityAnalysis\STM79_graph_metrics.csv,85.5
0.8,1.35,0.8999999999999999,C:\Users\User\Desktop\research-updates\NetworkQualityAnalysis\STM86_graph_metrics.csv,271.1666666666667
0.8,1.35,0.8999999999999999,C:\Users\User\Desktop\research-updates\NetworkQualityAnalysis\TestForSkeletonization_2_graph_metrics.csv,555.625
0.8,1.35,1.2,C:\Users\User\Desktop\research-updates\NetworkQualityAnalysis\STM02_graph_metrics.csv,41.32666666666667
0.8,1.35,1.2,C:\Users\User\Desktop\research-updates\NetworkQualityAnalysis\STM114_graph_metrics.csv,44.72666666666667
0.8,1.35,1.2,C:\Users\User\Desktop\research-updates\NetworkQualityAnalysis\STM123_graph_metrics.csv,275.32666666666665
0.8,1.35,1.2,C:\Users\User\Desktop\research-updates\NetworkQualityAnalysis\STM131_graph_metrics.csv,63.92666666666667
0.8,1.35,1.2,C:\Users\User\Desktop\research-updates\NetworkQualityAnalysis\STM194_graph_metrics.csv,21.745000000000005
0.8,1.35,1.2,C:\Users\User\Desktop\research-updates\NetworkQualityAnalysis\STM20_graph_metrics.csv,15.86
0.8,1.35,1.2,C:\Users\User\Desktop\research-updates\NetworkQualityAnalysis\STM31_graph_metrics.csv,45.795
0.8,1.35,1.2,C:\Users\User\Desktop\research-updates\NetworkQualityAnalysis\STM57_b_graph_metrics.csv,9.460000000000003
0.8,1.35,1.2,C:\Users\User\Desktop\research-updates\NetworkQualityAnalysis\STM57_c_graph_metrics.csv,64.69500000000001
0.8,1.35,1.2,C:\Users\User\Desktop\research-updates\NetworkQualityAnalysis\STM57_graph_metrics.csv,73.26
0.8,1.35,1.2,C:\Users\User\Desktop\research-updates\NetworkQualityAnalysis\STM79_graph_metrics.csv,99.39333333333333
0.8,1.35,1.2,C:\Users\User\Desktop\research-updates\NetworkQualityAnalysis\STM86_graph_metrics.csv,233.7266666666667
0.8,1.35,1.2,C:\Users\User\Desktop\research-updates\NetworkQualityAnalysis\TestForSkeletonization_2_graph_metrics.csv,526.095
0.8,1.6,0.3,C:\Users\User\Desktop\research-updates\NetworkQualityAnalysis\STM02_graph_metrics.csv,47.526666666666664
0.8,1.6,0.3,C:\Users\User\Desktop\research-updates\NetworkQualityAnalysis\STM114_graph_metrics.csv,51.126666666666665
0.8,1.6,0.3,C:\Users\User\Desktop\research-updates\NetworkQualityAnalysis\STM123_graph_metrics.csv,206.12666666666667
0.8,1.6,0.3,C:\Users\User\Desktop\research-updates\NetworkQualityAnalysis\STM131_graph_metrics.csv,134.39333333333332
0.8,1.6,0.3,C:\Users\User\Desktop\research-updates\NetworkQualityAnalysis\STM194_graph_metrics.csv,37.044999999999995
0.8,1.6,0.3,C:\Users\User\Desktop\research-updates\NetworkQualityAnalysis\STM20_graph_metrics.csv,39.12666666666666
0.8,1.6,0.3,C:\Users\User\Desktop\research-updates\NetworkQualityAnalysis\STM31_graph_metrics.csv,37.495
0.8,1.6,0.3,C:\Users\User\Desktop\research-updates\NetworkQualityAnalysis\STM57_b_graph_metrics.csv,39.059999999999995
0.8,1.6,0.3,C:\Users\User\Desktop\research-updates\NetworkQualityAnalysis\STM57_c_graph_metrics.csv,95.39499999999998
0.8,1.6,0.3,C:\Users\User\Desktop\research-updates\NetworkQualityAnalysis\STM57_graph_metrics.csv,38.79333333333333
0.8,1.6,0.3,C:\Users\User\Desktop\research-updates\NetworkQualityAnalysis\STM79_graph_metrics.csv,66.46
0.8,1.6,0.3,C:\Users\User\Desktop\research-updates\NetworkQualityAnalysis\STM86_graph_metrics.csv,404.1266666666667
0.8,1.6,0.3,C:\Users\User\Desktop\research-updates\NetworkQualityAnalysis\TestForSkeletonization_2_graph_metrics.csv,650.7450000000001
0.8,1.6,0.6,C:\Users\User\Desktop\research-updates\NetworkQualityAnalysis\STM02_graph_metrics.csv,48.940000000000005
0.8,1.6,0.6,C:\Users\User\Desktop\research-updates\NetworkQualityAnalysis\STM114_graph_metrics.csv,52.806666666666665
0.8,1.6,0.6,C:\Users\User\Desktop\research-updates\NetworkQualityAnalysis\STM123_graph_metrics.csv,205.14000000000001
0.8,1.6,0.6,C:\Users\User\Desktop\research-updates\NetworkQualityAnalysis\STM131_graph_metrics.csv,137.67333333333332
0.8,1.6,0.6,C:\Users\User\Desktop\research-updates\NetworkQualityAnalysis\STM194_graph_metrics.csv,38.504999999999995
0.8,1.6,0.6,C:\Users\User\Desktop\research-updates\NetworkQualityAnalysis\STM20_graph_metrics.csv,40.806666666666665
0.8,1.6,0.6,C:\Users\User\Desktop\research-updates\NetworkQualityAnalysis\STM31_graph_metrics.csv,38.155
0.8,1.6,0.6,C:\Users\User\Desktop\research-updates\NetworkQualityAnalysis\STM57_b_graph_metrics.csv,41.00666666666666
0.8,1.6,0.6,C:\Users\User\Desktop\research-updates\NetworkQualityAnalysis\STM57_c_graph_metrics.csv,97.45499999999998
0.8,1.6,0.6,C:\Users\User\Desktop\research-updates\NetworkQualityAnalysis\STM57_graph_metrics.csv,39.14000000000001
0.8,1.6,0.6,C:\Users\User\Desktop\research-updates\NetworkQualityAnalysis\STM79_graph_metrics.csv,66.80666666666667
0.8,1.6,0.6,C:\Users\User\Desktop\research-updates\NetworkQualityAnalysis\STM86_graph_metrics.csv,409.8066666666666
0.8,1.6,0.6,C:\Users\User\Desktop\research-updates\NetworkQualityAnalysis\TestForSkeletonization_2_graph_metrics.csv,655.405
0.8,1.6,0.8999999999999999,C:\Users\User\Desktop\research-updates\NetworkQualityAnalysis\STM02_graph_metrics.csv,37.606666666666655
0.8,1.6,0.8999999999999999,C:\Users\User\Desktop\research-updates\NetworkQualityAnalysis\STM114_graph_metrics.csv,41.74
0.8,1.6,0.8999999999999999,C:\Users\User\Desktop\research-updates\NetworkQualityAnalysis\STM123_graph_metrics.csv,255.40666666666664
0.8,1.6,0.8999999999999999,C:\Users\User\Desktop\research-updates\NetworkQualityAnalysis\STM131_graph_metrics.csv,73.54
0.8,1.6,0.8999999999999999,C:\Users\User\Desktop\research-updates\NetworkQualityAnalysis\STM194_graph_metrics.csv,21.404999999999998
0.8,1.6,0.8999999999999999,C:\Users\User\Desktop\research-updates\NetworkQualityAnalysis\STM20_graph_metrics.csv,15.073333333333329
0.8,1.6,0.8999999999999999,C:\Users\User\Desktop\research-updates\NetworkQualityAnalysis\STM31_graph_metrics.csv,40.254999999999995
0.8,1.6,0.8999999999999999,C:\Users\User\Desktop\research-updates\NetworkQualityAnalysis\STM57_b_graph_metrics.csv,10.206666666666669
0.8,1.6,0.8999999999999999,C:\Users\User\Desktop\research-updates\NetworkQualityAnalysis\STM57_c_graph_metrics.csv,67.955
0.8,1.6,0.8999999999999999,C:\Users\User\Desktop\research-updates\NetworkQualityAnalysis\STM57_graph_metrics.csv,61.40666666666666
0.8,1.6,0.8999999999999999,C:\Users\User\Desktop\research-updates\NetworkQualityAnalysis\STM79_graph_metrics.csv,87.74
0.8,1.6,0.8999999999999999,C:\Users\User\Desktop\research-updates\NetworkQualityAnalysis\STM86_graph_metrics.csv,262.74
0.8,1.6,0.8999999999999999,C:\Users\User\Desktop\research-updates\NetworkQualityAnalysis\TestForSkeletonization_2_graph_metrics.csv,548.505
0.8,1.6,1.2,C:\Users\User\Desktop\research-updates\NetworkQualityAnalysis\STM02_graph_metrics.csv,38.03999999999999
0.8,1.6,1.2,C:\Users\User\Desktop\research-updates\NetworkQualityAnalysis\STM114_graph_metrics.csv,41.50666666666666
0.8,1.6,1.2,C:\Users\User\Desktop\research-updates\NetworkQualityAnalysis\STM123_graph_metrics.csv,261.84
0.8,1.6,1.2,C:\Users\User\Desktop\research-updates\NetworkQualityAnalysis\STM131_graph_metrics.csv,69.30666666666667
0.8,1.6,1.2,C:\Users\User\Desktop\research-updates\NetworkQualityAnalysis\STM194_graph_metrics.csv,20.729999999999997
0.8,1.6,1.2,C:\Users\User\Desktop\research-updates\NetworkQualityAnalysis\STM20_graph_metrics.csv,14.839999999999995
0.8,1.6,1.2,C:\Users\User\Desktop\research-updates\NetworkQualityAnalysis\STM31_graph_metrics.csv,41.58
0.8,1.6,1.2,C:\Users\User\Desktop\research-updates\NetworkQualityAnalysis\STM57_b_graph_metrics.csv,9.306666666666668
0.8,1.6,1.2,C:\Users\User\Desktop\research-updates\NetworkQualityAnalysis\STM57_c_graph_metrics.csv,65.78
0.8,1.6,1.2,C:\Users\User\Desktop\research-updates\NetworkQualityAnalysis\STM57_graph_metrics.csv,64.50666666666666
0.8,1.6,1.2,C:\Users\User\Desktop\research-updates\NetworkQualityAnalysis\STM79_graph_metrics.csv,90.83999999999999
0.8,1.6,1.2,C:\Users\User\Desktop\research-updates\NetworkQualityAnalysis\STM86_graph_metrics.csv,252.5066666666667
0.8,1.6,1.2,C:\Users\User\Desktop\research-updates\NetworkQualityAnalysis\TestForSkeletonization_2_graph_metrics.csv,539.83
1.15,1.1,0.3,C:\Users\User\Desktop\research-updates\NetworkQualityAnalysis\STM02_graph_metrics.csv,69.98666666666666
1.15,1.1,0.3,C:\Users\User\Desktop\research-updates\NetworkQualityAnalysis\STM114_graph_metrics.csv,54.786666666666655
1.15,1.1,0.3,C:\Users\User\Desktop\research-updates\NetworkQualityAnalysis\STM123_graph_metrics.csv,218.5866666666667
1.15,1.1,0.3,C:\Users\User\Desktop\research-updates\NetworkQualityAnalysis\STM131_graph_metrics.csv,178.32000000000002
1.15,1.1,0.3,C:\Users\User\Desktop\research-updates\NetworkQualityAnalysis\STM194_graph_metrics.csv,50.89
1.15,1.1,0.3,C:\Users\User\Desktop\research-updates\NetworkQualityAnalysis\STM20_graph_metrics.csv,83.85333333333334
1.15,1.1,0.3,C:\Users\User\Desktop\research-updates\NetworkQualityAnalysis\STM31_graph_metrics.csv,51.74000000000001
1.15,1.1,0.3,C:\Users\User\Desktop\research-updates\NetworkQualityAnalysis\STM57_b_graph_metrics.csv,79.92
1.15,1.1,0.3,C:\Users\User\Desktop\research-updates\NetworkQualityAnalysis\STM57_c_graph_metrics.csv,103.33999999999999
1.15,1.1,0.3,C:\Users\User\Desktop\research-updates\NetworkQualityAnalysis\STM57_graph_metrics.csv,39.38666666666667
1.15,1.1,0.3,C:\Users\User\Desktop\research-updates\NetworkQualityAnalysis\STM79_graph_metrics.csv,70.78666666666668
1.15,1.1,0.3,C:\Users\User\Desktop\research-updates\NetworkQualityAnalysis\STM86_graph_metrics.csv,517.7866666666667
1.15,1.1,0.3,C:\Users\User\Desktop\research-updates\NetworkQualityAnalysis\TestForSkeletonization_2_graph_metrics.csv,699.39
1.15,1.1,0.6,C:\Users\User\Desktop\research-updates\NetworkQualityAnalysis\STM02_graph_metrics.csv,75.22000000000001
1.15,1.1,0.6,C:\Users\User\Desktop\research-updates\NetworkQualityAnalysis\STM114_graph_metrics.csv,56.28666666666666
1.15,1.1,0.6,C:\Users\User\Desktop\research-updates\NetworkQualityAnalysis\STM123_graph_metrics.csv,225.42000000000004
1.15,1.1,0.6,C:\Users\User\Desktop\research-updates\NetworkQualityAnalysis\STM131_graph_metrics.csv,184.75333333333333
1.15,1.1,0.6,C:\Users\User\Desktop\research-updates\NetworkQualityAnalysis\STM194_graph_metrics.csv,53.715
1.15,1.1,0.6,C:\Users\User\Desktop\research-updates\NetworkQualityAnalysis\STM20_graph_metrics.csv,92.68666666666667
1.15,1.1,0.6,C:\Users\User\Desktop\research-updates\NetworkQualityAnalysis\STM31_graph_metrics.csv,55.76500000000001
1.15,1.1,0.6,C:\Users\User\Desktop\research-updates\NetworkQualityAnalysis\STM57_b_graph_metrics.csv,87.68666666666667
1.15,1.1,0.6,C:\Users\User\Desktop\research-updates\NetworkQualityAnalysis\STM57_c_graph_metrics.csv,104.26499999999999
1.15,1.1,0.6,C:\Users\User\Desktop\research-updates\NetworkQualityAnalysis\STM57_graph_metrics.csv,42.22000000000001
1.15,1.1,0.6,C:\Users\User\Desktop\research-updates\NetworkQualityAnalysis\STM79_graph_metrics.csv,74.28666666666668
1.15,1.1,0.6,C:\Users\User\Desktop\research-updates\NetworkQualityAnalysis\STM86_graph_metrics.csv,533.2866666666666
1.15,1.1,0.6,C:\Users\User\Desktop\research-updates\NetworkQualityAnalysis\TestForSkeletonization_2_graph_metrics.csv,703.915
1.15,1.1,0.8999999999999999,C:\Users\User\Desktop\research-updates\NetworkQualityAnalysis\STM02_graph_metrics.csv,62.94666666666666
1.15,1.1,0.8999999999999999,C:\Users\User\Desktop\research-updates\NetworkQualityAnalysis\STM114_graph_metrics.csv,48.54666666666666
1.15,1.1,0.8999999999999999,C:\Users\User\Desktop\research-updates\NetworkQualityAnalysis\STM123_graph_metrics.csv,217.14666666666668
1.15,1.1,0.8999999999999999,C:\Users\User\Desktop\research-updates\NetworkQualityAnalysis\STM131_graph_metrics.csv,165.94666666666666
1.15,1.1,0.8999999999999999,C:\Users\User\Desktop\research-updates\NetworkQualityAnalysis\STM194_graph_metrics.csv,45.00999999999999
1.15,1.1,0.8999999999999999,C:\Users\User\Desktop\research-updates\NetworkQualityAnalysis\STM20_graph_metrics.csv,74.67999999999999
1.15,1.1,0.8999999999999999,C:\Users\User\Desktop\research-updates\NetworkQualityAnalysis\STM31_graph_metrics.csv,47.459999999999994
1.15,1.1,0.8999999999999999,C:\Users\User\Desktop\research-updates\NetworkQualityAnalysis\STM57_b_graph_metrics.csv,70.47999999999999
1.15,1.1,0.8999999999999999,C:\Users\User\Desktop\research-updates\NetworkQualityAnalysis\STM57_c_graph_metrics.csv,96.66
1.15,1.1,0.8999999999999999,C:\Users\User\Desktop\research-updates\NetworkQualityAnalysis\STM57_graph_metrics.csv,36.07999999999999
1.15,1.1,0.8999999999999999,C:\Users\User\Desktop\research-updates\NetworkQualityAnalysis\STM79_graph_metrics.csv,67.21333333333332
1.15,1.1,0.8999999999999999,C:\Users\User\Desktop\research-updates\NetworkQualityAnalysis\STM86_graph_metrics.csv,495.5466666666666
1.15,1.1,0.8999999999999999,C:\Users\User\Desktop\research-updates\NetworkQualityAnalysis\TestForSkeletonization_2_graph_metrics.csv,684.51
1.15,1.1,1.2,C:\Users\User\Desktop\research-updates\NetworkQualityAnalysis\STM02_graph_metrics.csv,43.97999999999999
1.15,1.1,1.2,C:\Users\User\Desktop\research-updates\NetworkQualityAnalysis\STM114_graph_metrics.csv,54.04666666666666
1.15,1.1,1.2,C:\Users\User\Desktop\research-updates\NetworkQualityAnalysis\STM123_graph_metrics.csv,243.57999999999996
1.15,1.1,1.2,C:\Users\User\Desktop\research-updates\NetworkQualityAnalysis\STM131_graph_metrics.csv,91.38000000000004
1.15,1.1,1.2,C:\Users\User\Desktop\research-updates\NetworkQualityAnalysis\STM194_graph_metrics.csv,30.134999999999998
1.15,1.1,1.2,C:\Users\User\Desktop\research-updates\NetworkQualityAnalysis\STM20_graph_metrics.csv,19.31333333333333
1.15,1.1,1.2,C:\Users\User\Desktop\research-updates\NetworkQualityAnalysis\STM31_graph_metrics.csv,42.18499999999999
1.15,1.1,1.2,C:\Users\User\Desktop\research-updates\NetworkQualityAnalysis\STM57_b_graph_metrics.csv,17.44666666666667
1.15,1.1,1.2,C:\Users\User\Desktop\research-updates\NetworkQualityAnalysis\STM57_c_graph_metrics.csv,82.88500000000002
1.15,1.1,1.2,C:\Users\User\Desktop\research-updates\NetworkQualityAnalysis\STM57_graph_metrics.csv,63.113333333333316
1.15,1.1,1.2,C:\Users\User\Desktop\research-updates\NetworkQualityAnalysis\STM79_graph_metrics.csv,88.71333333333331
1.15,1.1,1.2,C:\Users\User\Desktop\research-updates\NetworkQualityAnalysis\STM86_graph_metrics.csv,287.0466666666667
1.15,1.1,1.2,C:\Users\User\Desktop\research-updates\NetworkQualityAnalysis\TestForSkeletonization_2_graph_metrics.csv,577.2850000000001
1.15,1.35,0.3,C:\Users\User\Desktop\research-updates\NetworkQualityAnalysis\STM02_graph_metrics.csv,49.18666666666667
1.15,1.35,0.3,C:\Users\User\Desktop\research-updates\NetworkQualityAnalysis\STM114_graph_metrics.csv,47.31999999999999
1.15,1.35,0.3,C:\Users\User\Desktop\research-updates\NetworkQualityAnalysis\STM123_graph_metrics.csv,205.78666666666666
1.15,1.35,0.3,C:\Users\User\Desktop\research-updates\NetworkQualityAnalysis\STM131_graph_metrics.csv,141.51999999999998
1.15,1.35,0.3,C:\Users\User\Desktop\research-updates\NetworkQualityAnalysis\STM194_graph_metrics.csv,37.28999999999999
1.15,1.35,0.3,C:\Users\User\Desktop\research-updates\NetworkQualityAnalysis\STM20_graph_metrics.csv,47.053333333333335
1.15,1.35,0.3,C:\Users\User\Desktop\research-updates\NetworkQualityAnalysis\STM31_graph_metrics.csv,38.14000000000001
1.15,1.35,0.3,C:\Users\User\Desktop\research-updates\NetworkQualityAnalysis\STM57_b_graph_metrics.csv,45.78666666666666
1.15,1.35,0.3,C:\Users\User\Desktop\research-updates\NetworkQualityAnalysis\STM57_c_graph_metrics.csv,93.73999999999998
1.15,1.35,0.3,C:\Users\User\Desktop\research-updates\NetworkQualityAnalysis\STM57_graph_metrics.csv,34.586666666666666
1.15,1.35,0.3,C:\Users\User\Desktop\research-updates\NetworkQualityAnalysis\STM79_graph_metrics.csv,63.320000000000014
1.15,1.35,0.3,C:\Users\User\Desktop\research-updates\NetworkQualityAnalysis\STM86_graph_metrics.csv,430.32
1.15,1.35,0.3,C:\Users\User\Desktop\research-updates\NetworkQualityAnalysis\TestForSkeletonization_2_graph_metrics.csv,659.79
1.15,1.35,0.6,C:\Users\User\Desktop\research-updates\NetworkQualityAnalysis\STM02_graph_metrics.csv,52.72666666666667
1.15,1.35,0.6,C:\Users\User\Desktop\research-updates\NetworkQualityAnalysis\STM114_graph_metrics.csv,51.06
1.15,1.35,0.6,C:\Users\User\Desktop\research-updates\NetworkQualityAnalysis\STM123_graph_metrics.csv,204.32666666666668
1.15,1.35,0.6,C:\Users\User\Desktop\research-updates\NetworkQualityAnalysis\STM131_graph_metrics.csv,149.19333333333333
1.15,1.35,0.6,C:\Users\User\Desktop\research-updates\NetworkQualityAnalysis\STM194_graph_metrics.csv,40.695
1.15,1.35,0.6,C:\Users\User\Desktop\research-updates\NetworkQualityAnalysis\STM20_graph_metrics.csv,51.52666666666667
1.15,1.35,0.6,C:\Users\User\Desktop\research-updates\NetworkQualityAnalysis\STM31_graph_metrics.csv,39.945
1.15,1.35,0.6,C:\Users\User\Desktop\research-updates\NetworkQualityAnalysis\STM57_b_graph_metrics.csv,50.72666666666666
1.15,1.35,0.6,C:\Users\User\Desktop\research-updates\NetworkQualityAnalysis\STM57_c_graph_metrics.csv,98.245
1.15,1.35,0.6,C:\Users\User\Desktop\research-updates\NetworkQualityAnalysis\STM57_graph_metrics.csv,35.593333333333334
1.15,1.35,0.6,C:\Users\User\Desktop\research-updates\NetworkQualityAnalysis\STM79_graph_metrics.csv,64.39333333333333
1.15,1.35,0.6,C:\Users\User\Desktop\research-updates\NetworkQualityAnalysis\STM86_graph_metrics.csv,444.06
1.15,1.35,0.6,C:\Users\User\Desktop\research-updates\NetworkQualityAnalysis\TestForSkeletonization_2_graph_metrics.csv,670.2450000000001
1.15,1.35,0.8999999999999999,C:\Users\User\Desktop\research-updates\NetworkQualityAnalysis\STM02_graph_metrics.csv,53.686666666666675
1.15,1.35,0.8999999999999999,C:\Users\User\Desktop\research-updates\NetworkQualityAnalysis\STM114_graph_metrics.csv,54.419999999999995
1.15,1.35,0.8999999999999999,C:\Users\User\Desktop\research-updates\NetworkQualityAnalysis\STM123_graph_metrics.csv,202.88666666666668
1.15,1.35,0.8999999999999999,C:\Users\User\Desktop\research-updates\NetworkQualityAnalysis\STM131_graph_metrics.csv,150.5533333333333
1.15,1.35,0.8999999999999999,C:\Users\User\Desktop\research-updates\NetworkQualityAnalysis\STM194_graph_metrics.csv,42.315
1.15,1.35,0.8999999999999999,C:\Users\User\Desktop\research-updates\NetworkQualityAnalysis\STM20_graph_metrics.csv,50.48666666666667
1.15,1.35,0.8999999999999999,C:\Users\User\Desktop\research-updates\NetworkQualityAnalysis\STM31_graph_metrics.csv,40.36500000000001
1.15,1.35,0.8999999999999999,C:\Users\User\Desktop\research-updates\NetworkQualityAnalysis\STM57_b_graph_metrics.csv,50.48666666666666
1.15,1.35,0.8999999999999999,C:\Users\User\Desktop\research-updates\NetworkQualityAnalysis\STM57_c_graph_metrics.csv,101.36499999999998
1.15,1.35,0.8999999999999999,C:\Users\User\Desktop\research-updates\NetworkQualityAnalysis\STM57_graph_metrics.csv,37.353333333333346
1.15,1.35,0.8999999999999999,C:\Users\User\Desktop\research-updates\NetworkQualityAnalysis\STM79_graph_metrics.csv,65.75333333333334
1.15,1.35,0.8999999999999999,C:\Users\User\Desktop\research-updates\NetworkQualityAnalysis\STM86_graph_metrics.csv,441.42
1.15,1.35,0.8999999999999999,C:\Users\User\Desktop\research-updates\NetworkQualityAnalysis\TestForSkeletonization_2_graph_metrics.csv,672.765
1.15,1.35,1.2,C:\Users\User\Desktop\research-updates\NetworkQualityAnalysis\STM02_graph_metrics.csv,30.359999999999996
1.15,1.35,1.2,C:\Users\User\Desktop\research-updates\NetworkQualityAnalysis\STM114_graph_metrics.csv,28.626666666666665
1.15,1.35,1.2,C:\Users\User\Desktop\research-updates\NetworkQualityAnalysis\STM123_graph_metrics.csv,243.36
1.15,1.35,1.2,C:\Users\User\Desktop\research-updates\NetworkQualityAnalysis\STM131_graph_metrics.csv,74.42666666666666
1.15,1.35,1.2,C:\Users\User\Desktop\research-updates\NetworkQualityAnalysis\STM194_graph_metrics.csv,15.269999999999996
1.15,1.35,1.2,C:\Users\User\Desktop\research-updates\NetworkQualityAnalysis\STM20_graph_metrics.csv,15.159999999999998
1.15,1.35,1.2,C:\Users\User\Desktop\research-updates\NetworkQualityAnalysis\STM31_graph_metrics.csv,33.72
1.15,1.35,1.2,C:\Users\User\Desktop\research-updates\NetworkQualityAnalysis\STM57_b_graph_metrics.csv,9.226666666666665
1.15,1.35,1.2,C:\Users\User\Desktop\research-updates\NetworkQualityAnalysis\STM57_c_graph_metrics.csv,60.31999999999999
1.15,1.35,1.2,C:\Users\User\Desktop\research-updates\NetworkQualityAnalysis\STM57_graph_metrics.csv,46.42666666666667
1.15,1.35,1.2,C:\Users\User\Desktop\research-updates\NetworkQualityAnalysis\STM79_graph_metrics.csv,73.96
1.15,1.35,1.2,C:\Users\User\Desktop\research-updates\NetworkQualityAnalysis\STM86_graph_metrics.csv,287.62666666666667
1.15,1.35,1.2,C:\Users\User\Desktop\research-updates\NetworkQualityAnalysis\TestForSkeletonization_2_graph_metrics.csv,555.67
1.15,1.6,0.3,C:\Users\User\Desktop\research-updates\NetworkQualityAnalysis\STM02_graph_metrics.csv,47.64000000000001
1.15,1.6,0.3,C:\Users\User\Desktop\research-updates\NetworkQualityAnalysis\STM114_graph_metrics.csv,45.50666666666666
1.15,1.6,0.3,C:\Users\User\Desktop\research-updates\NetworkQualityAnalysis\STM123_graph_metrics.csv,206.64000000000001
1.15,1.6,0.3,C:\Users\User\Desktop\research-updates\NetworkQualityAnalysis\STM131_graph_metrics.csv,138.10666666666665
1.15,1.6,0.3,C:\Users\User\Desktop\research-updates\NetworkQualityAnalysis\STM194_graph_metrics.csv,35.730000000000004
1.15,1.6,0.3,C:\Users\User\Desktop\research-updates\NetworkQualityAnalysis\STM20_graph_metrics.csv,45.24000000000001
1.15,1.6,0.3,C:\Users\User\Desktop\research-updates\NetworkQualityAnalysis\STM31_graph_metrics.csv,37.38000000000001
1.15,1.6,0.3,C:\Users\User\Desktop\research-updates\NetworkQualityAnalysis\STM57_b_graph_metrics.csv,43.70666666666667
1.15,1.6,0.3,C:\Users\User\Desktop\research-updates\NetworkQualityAnalysis\STM57_c_graph_metrics.csv,91.58
1.15,1.6,0.3,C:\Users\User\Desktop\research-updates\NetworkQualityAnalysis\STM57_graph_metrics.csv,34.10666666666667
1.15,1.6,0.3,C:\Users\User\Desktop\research-updates\NetworkQualityAnalysis\STM79_graph_metrics.csv,62.84000000000001
1.15,1.6,0.3,C:\Users\User\Desktop\research-updates\NetworkQualityAnalysis\STM86_graph_metrics.csv,424.50666666666666
1.15,1.6,0.3,C:\Users\User\Desktop\research-updates\NetworkQualityAnalysis\TestForSkeletonization_2_graph_metrics.csv,655.03
1.15,1.6,0.6,C:\Users\User\Desktop\research-updates\NetworkQualityAnalysis\STM02_graph_metrics.csv,59.26000000000001
1.15,1.6,0.6,C:\Users\User\Desktop\research-updates\NetworkQualityAnalysis\STM114_graph_metrics.csv,59.326666666666675
1.15,1.6,0.6,C:\Users\User\Desktop\research-updates\NetworkQualityAnalysis\STM123_graph_metrics.csv,201.66
1.15,1.6,0.6,C:\Users\User\Desktop\research-updates\NetworkQualityAnalysis\STM131_graph_metrics.csv,162.39333333333335
1.15,1.6,0.6,C:\Users\User\Desktop\research-updates\NetworkQualityAnalysis\STM194_graph_metrics.csv,47.295
1.15,1.6,0.6,C:\Users\User\Desktop\research-updates\NetworkQualityAnalysis\STM20_graph_metrics.csv,58.326666666666675
1.15,1.6,0.6,C:\Users\User\Desktop\research-updates\NetworkQualityAnalysis\STM31_graph_metrics.csv,43.345
1.15,1.6,0.6,C:\Users\User\Desktop\research-updates\NetworkQualityAnalysis\STM57_b_graph_metrics.csv,58.72666666666667
1.15,1.6,0.6,C:\Users\User\Desktop\research-updates\NetworkQualityAnalysis\STM57_c_graph_metrics.csv,107.44500000000001
1.15,1.6,0.6,C:\Users\User\Desktop\research-updates\NetworkQualityAnalysis\STM57_graph_metrics.csv,38.660000000000004
1.15,1.6,0.6,C:\Users\User\Desktop\research-updates\NetworkQualityAnalysis\STM79_graph_metrics.csv,67.32666666666667
1.15,1.6,0.6,C:\Users\User\Desktop\research-updates\NetworkQualityAnalysis\STM86_graph_metrics.csv,464.3266666666666
1.15,1.6,0.6,C:\Users\User\Desktop\research-updates\NetworkQualityAnalysis\TestForSkeletonization_2_graph_metrics.csv,688.3449999999999
1.15,1.6,0.8999999999999999,C:\Users\User\Desktop\research-updates\NetworkQualityAnalysis\STM02_graph_metrics.csv,40.166666666666664
1.15,1.6,0.8999999999999999,C:\Users\User\Desktop\research-updates\NetworkQualityAnalysis\STM114_graph_metrics.csv,40.5
1.15,1.6,0.8999999999999999,C:\Users\User\Desktop\research-updates\NetworkQualityAnalysis\STM123_graph_metrics.csv,212.16666666666666
1.15,1.6,0.8999999999999999,C:\Users\User\Desktop\research-updates\NetworkQualityAnalysis\STM131_graph_metrics.csv,117.83333333333333
1.15,1.6,0.8999999999999999,C:\Users\User\Desktop\research-updates\NetworkQualityAnalysis\STM194_graph_metrics.csv,28.875
1.15,1.6,0.8999999999999999,C:\Users\User\Desktop\research-updates\NetworkQualityAnalysis\STM20_graph_metrics.csv,32.166666666666664
1.15,1.6,0.8999999999999999,C:\Users\User\Desktop\research-updates\NetworkQualityAnalysis\STM31_graph_metrics.csv,34.125
1.15,1.6,0.8999999999999999,C:\Users\User\Desktop\research-updates\NetworkQualityAnalysis\STM57_b_graph_metrics.csv,30.166666666666668
1.15,1.6,0.8999999999999999,C:\Users\User\Desktop\research-updates\NetworkQualityAnalysis\STM57_c_graph_metrics.csv,83.125
1.15,1.6,0.8999999999999999,C:\Users\User\Desktop\research-updates\NetworkQualityAnalysis\STM57_graph_metrics.csv,35.833333333333336
1.15,1.6,0.8999999999999999,C:\Users\User\Desktop\research-updates\NetworkQualityAnalysis\STM79_graph_metrics.csv,63.833333333333336
1.15,1.6,0.8999999999999999,C:\Users\User\Desktop\research-updates\NetworkQualityAnalysis\STM86_graph_metrics.csv,379.5
1.15,1.6,0.8999999999999999,C:\Users\User\Desktop\research-updates\NetworkQualityAnalysis\TestForSkeletonization_2_graph_metrics.csv,626.625
1.15,1.6,1.2,C:\Users\User\Desktop\research-updates\NetworkQualityAnalysis\STM02_graph_metrics.csv,45.720000000000006
1.15,1.6,1.2,C:\Users\User\Desktop\research-updates\NetworkQualityAnalysis\STM114_graph_metrics.csv,56.78666666666668
1.15,1.6,1.2,C:\Users\User\Desktop\research-updates\NetworkQualityAnalysis\STM123_graph_metrics.csv,245.92
1.15,1.6,1.2,C:\Users\User\Desktop\research-updates\NetworkQualityAnalysis\STM131_graph_metrics.csv,91.92
1.15,1.6,1.2,C:\Users\User\Desktop\research-updates\NetworkQualityAnalysis\STM194_graph_metrics.csv,31.590000000000007
1.15,1.6,1.2,C:\Users\User\Desktop\research-updates\NetworkQualityAnalysis\STM20_graph_metrics.csv,19.85333333333334
1.15,1.6,1.2,C:\Users\User\Desktop\research-updates\NetworkQualityAnalysis\STM31_graph_metrics.csv,43.64000000000001
1.15,1.6,1.2,C:\Users\User\Desktop\research-updates\NetworkQualityAnalysis\STM57_b_graph_metrics.csv,18.186666666666667
1.15,1.6,1.2,C:\Users\User\Desktop\research-updates\NetworkQualityAnalysis\STM57_c_graph_metrics.csv,84.64
1.15,1.6,1.2,C:\Users\User\Desktop\research-updates\NetworkQualityAnalysis\STM57_graph_metrics.csv,66.05333333333336
1.15,1.6,1.2,C:\Users\User\Desktop\research-updates\NetworkQualityAnalysis\STM79_graph_metrics.csv,91.45333333333336
1.15,1.6,1.2,C:\Users\User\Desktop\research-updates\NetworkQualityAnalysis\STM86_graph_metrics.csv,283.78666666666663
1.15,1.6,1.2,C:\Users\User\Desktop\research-updates\NetworkQualityAnalysis\TestForSkeletonization_2_graph_metrics.csv,576.79
1.5,1.1,0.3,C:\Users\User\Desktop\research-updates\NetworkQualityAnalysis\STM02_graph_metrics.csv,95.80666666666667
1.5,1.1,0.3,C:\Users\User\Desktop\research-updates\NetworkQualityAnalysis\STM114_graph_metrics.csv,81.34
1.5,1.1,0.3,C:\Users\User\Desktop\research-updates\NetworkQualityAnalysis\STM123_graph_metrics.csv,221.8066666666667
1.5,1.1,0.3,C:\Users\User\Desktop\research-updates\NetworkQualityAnalysis\STM131_graph_metrics.csv,222.94000000000003
1.5,1.1,0.3,C:\Users\User\Desktop\research-updates\NetworkQualityAnalysis\STM194_graph_metrics.csv,73.605
1.5,1.1,0.3,C:\Users\User\Desktop\research-updates\NetworkQualityAnalysis\STM20_graph_metrics.csv,114.07333333333334
1.5,1.1,0.3,C:\Users\User\Desktop\research-updates\NetworkQualityAnalysis\STM31_graph_metrics.csv,67.25500000000001
1.5,1.1,0.3,C:\Users\User\Desktop\research-updates\NetworkQualityAnalysis\STM57_b_graph_metrics.csv,112.20666666666666
1.5,1.1,0.3,C:\Users\User\Desktop\research-updates\NetworkQualityAnalysis\STM57_c_graph_metrics.csv,130.95499999999998
1.5,1.1,0.3,C:\Users\User\Desktop\research-updates\NetworkQualityAnalysis\STM57_graph_metrics.csv,53.606666666666676
1.5,1.1,0.3,C:\Users\User\Desktop\research-updates\NetworkQualityAnalysis\STM79_graph_metrics.csv,85.34000000000002
1.5,1.1,0.3,C:\Users\User\Desktop\research-updates\NetworkQualityAnalysis\STM86_graph_metrics.csv,590.34
1.5,1.1,0.3,C:\Users\User\Desktop\research-updates\NetworkQualityAnalysis\TestForSkeletonization_2_graph_metrics.csv,754.155
1.5,1.1,0.6,C:\Users\User\Desktop\research-updates\NetworkQualityAnalysis\STM02_graph_metrics.csv,94.98
1.5,1.1,0.6,C:\Users\User\Desktop\research-updates\NetworkQualityAnalysis\STM114_graph_metrics.csv,83.84666666666665
1.5,1.1,0.6,C:\Users\User\Desktop\research-updates\NetworkQualityAnalysis\STM123_graph_metrics.csv,216.58
1.5,1.1,0.6,C:\Users\User\Desktop\research-updates\NetworkQualityAnalysis\STM131_graph_metrics.csv,223.58
1.5,1.1,0.6,C:\Users\User\Desktop\research-updates\NetworkQualityAnalysis\STM194_graph_metrics.csv,74.38499999999999
1.5,1.1,0.6,C:\Users\User\Desktop\research-updates\NetworkQualityAnalysis\STM20_graph_metrics.csv,110.71333333333332
1.5,1.1,0.6,C:\Users\User\Desktop\research-updates\NetworkQualityAnalysis\STM31_graph_metrics.csv,66.035
1.5,1.1,0.6,C:\Users\User\Desktop\research-updates\NetworkQualityAnalysis\STM57_b_graph_metrics.csv,110.04666666666667
1.5,1.1,0.6,C:\Users\User\Desktop\research-updates\NetworkQualityAnalysis\STM57_c_graph_metrics.csv,134.035
1.5,1.1,0.6,C:\Users\User\Desktop\research-updates\NetworkQualityAnalysis\STM57_graph_metrics.csv,53.31333333333333
1.5,1.1,0.6,C:\Users\User\Desktop\research-updates\NetworkQualityAnalysis\STM79_graph_metrics.csv,84.51333333333334
1.5,1.1,0.6,C:\Users\User\Desktop\research-updates\NetworkQualityAnalysis\STM86_graph_metrics.csv,586.8466666666667
1.5,1.1,0.6,C:\Users\User\Desktop\research-updates\NetworkQualityAnalysis\TestForSkeletonization_2_graph_metrics.csv,757.7350000000001
1.5,1.1,0.8999999999999999,C:\Users\User\Desktop\research-updates\NetworkQualityAnalysis\STM02_graph_metrics.csv,92.38666666666666
1.5,1.1,0.8999999999999999,C:\Users\User\Desktop\research-updates\NetworkQualityAnalysis\STM114_graph_metrics.csv,74.52
1.5,1.1,0.8999999999999999,C:\Users\User\Desktop\research-updates\NetworkQualityAnalysis\STM123_graph_metrics.csv,226.58666666666667
1.5,1.1,0.8999999999999999,C:\Users\User\Desktop\research-updates\NetworkQualityAnalysis\STM131_graph_metrics.csv,214.85333333333332
1.5,1.1,0.8999999999999999,C:\Users\User\Desktop\research-updates\NetworkQualityAnalysis\STM194_graph_metrics.csv,69.09
1.5,1.1,0.8999999999999999,C:\Users\User\Desktop\research-updates\NetworkQualityAnalysis\STM20_graph_metrics.csv,112.38666666666666
1.5,1.1,0.8999999999999999,C:\Users\User\Desktop\research-updates\NetworkQualityAnalysis\STM31_graph_metrics.csv,65.94
1.5,1.1,0.8999999999999999,C:\Users\User\Desktop\research-updates\NetworkQualityAnalysis\STM57_b_graph_metrics.csv,108.98666666666666
1.5,1.1,0.8999999999999999,C:\Users\User\Desktop\research-updates\NetworkQualityAnalysis\STM57_c_graph_metrics.csv,123.33999999999997
1.5,1.1,0.8999999999999999,C:\Users\User\Desktop\research-updates\NetworkQualityAnalysis\STM57_graph_metrics.csv,51.653333333333336
1.5,1.1,0.8999999999999999,C:\Users\User\Desktop\research-updates\NetworkQualityAnalysis\STM79_graph_metrics.csv,83.85333333333334
1.5,1.1,0.8999999999999999,C:\Users\User\Desktop\research-updates\NetworkQualityAnalysis\STM86_graph_metrics.csv,581.52
1.5,1.1,0.8999999999999999,C:\Users\User\Desktop\research-updates\NetworkQualityAnalysis\TestForSkeletonization_2_graph_metrics.csv,741.3899999999999
1.5,1.1,1.2,C:\Users\User\Desktop\research-updates\NetworkQualityAnalysis\STM02_graph_metrics.csv,83.24666666666666
1.5,1.1,1.2,C:\Users\User\Desktop\research-updates\NetworkQualityAnalysis\STM114_graph_metrics.csv,69.17999999999999
1.5,1.1,1.2,C:\Users\User\Desktop\research-updates\NetworkQualityAnalysis\STM123_graph_metrics.csv,218.44666666666663
1.5,1.1,1.2,C:\Users\User\Desktop\research-updates\NetworkQualityAnalysis\STM131_graph_metrics.csv,202.24666666666664
1.5,1.1,1.2,C:\Users\User\Desktop\research-updates\NetworkQualityAnalysis\STM194_graph_metrics.csv,62.984999999999985
1.5,1.1,1.2,C:\Users\User\Desktop\research-updates\NetworkQualityAnalysis\STM20_graph_metrics.csv,98.97999999999998
1.5,1.1,1.2,C:\Users\User\Desktop\research-updates\NetworkQualityAnalysis\STM31_graph_metrics.csv,59.43499999999999
1.5,1.1,1.2,C:\Users\User\Desktop\research-updates\NetworkQualityAnalysis\STM57_b_graph_metrics.csv,96.44666666666666
1.5,1.1,1.2,C:\Users\User\Desktop\research-updates\NetworkQualityAnalysis\STM57_c_graph_metrics.csv,118.63499999999999
1.5,1.1,1.2,C:\Users\User\Desktop\research-updates\NetworkQualityAnalysis\STM57_graph_metrics.csv,46.379999999999995
1.5,1.1,1.2,C:\Users\User\Desktop\research-updates\NetworkQualityAnalysis\STM79_graph_metrics.csv,77.84666666666665
1.5,1.1,1.2,C:\Users\User\Desktop\research-updates\NetworkQualityAnalysis\STM86_graph_metrics.csv,556.18
1.5,1.1,1.2,C:\Users\User\Desktop\research-updates\NetworkQualityAnalysis\TestForSkeletonization_2_graph_metrics.csv,729.735
1.5,1.35,0.3,C:\Users\User\Desktop\research-updates\NetworkQualityAnalysis\STM02_graph_metrics.csv,77.66666666666667
1.5,1.35,0.3,C:\Users\User\Desktop\research-updates\NetworkQualityAnalysis\STM114_graph_metrics.csv,61.666666666666664
1.5,1.35,0.3,C:\Users\User\Desktop\research-updates\NetworkQualityAnalysis\STM123_graph_metrics.csv,220.66666666666666
1.5,1.35,0.3,C:\Users\User\Desktop\research-updates\NetworkQualityAnalysis\STM131_graph_metrics.csv,191.33333333333334
1.5,1.35,0.3,C:\Users\User\Desktop\research-updates\NetworkQualityAnalysis\STM194_graph_metrics.csv,57.25
1.5,1.35,0.3,C:\Users\User\Desktop\research-updates\NetworkQualityAnalysis\STM20_graph_metrics.csv,93.66666666666667
1.5,1.35,0.3,C:\Users\User\Desktop\research-updates\NetworkQualityAnalysis\STM31_graph_metrics.csv,56.5
1.5,1.35,0.3,C:\Users\User\Desktop\research-updates\NetworkQualityAnalysis\STM57_b_graph_metrics.csv,90.0
1.5,1.35,0.3,C:\Users\User\Desktop\research-updates\NetworkQualityAnalysis\STM57_c_graph_metrics.csv,110.5
1.5,1.35,0.3,C:\Users\User\Desktop\research-updates\NetworkQualityAnalysis\STM57_graph_metrics.csv,43.333333333333336
1.5,1.35,0.3,C:\Users\User\Desktop\research-updates\NetworkQualityAnalysis\STM79_graph_metrics.csv,75.0
1.5,1.35,0.3,C:\Users\User\Desktop\research-updates\NetworkQualityAnalysis\STM86_graph_metrics.csv,540.6666666666666
1.5,1.35,0.3,C:\Users\User\Desktop\research-updates\NetworkQualityAnalysis\TestForSkeletonization_2_graph_metrics.csv,714.75
1.5,1.35,0.6,C:\Users\User\Desktop\research-updates\NetworkQualityAnalysis\STM02_graph_metrics.csv,97.32666666666667
1.5,1.35,0.6,C:\Users\User\Desktop\research-updates\NetworkQualityAnalysis\STM114_graph_metrics.csv,84.72666666666667
1.5,1.35,0.6,C:\Users\User\Desktop\research-updates\NetworkQualityAnalysis\STM123_graph_metrics.csv,219.32666666666668
1.5,1.35,0.6,C:\Users\User\Desktop\research-updates\NetworkQualityAnalysis\STM131_graph_metrics.csv,226.59333333333333
1.5,1.35,0.6,C:\Users\User\Desktop\research-updates\NetworkQualityAnalysis\STM194_graph_metrics.csv,75.745
1.5,1.35,0.6,C:\Users\User\Desktop\research-updates\NetworkQualityAnalysis\STM20_graph_metrics.csv,114.52666666666666
1.5,1.35,0.6,C:\Users\User\Desktop\research-updates\NetworkQualityAnalysis\STM31_graph_metrics.csv,67.795
1.5,1.35,0.6,C:\Users\User\Desktop\research-updates\NetworkQualityAnalysis\STM57_b_graph_metrics.csv,113.46
1.5,1.35,0.6,C:\Users\User\Desktop\research-updates\NetworkQualityAnalysis\STM57_c_graph_metrics.csv,134.695
1.5,1.35,0.6,C:\Users\User\Desktop\research-updates\NetworkQualityAnalysis\STM57_graph_metrics.csv,54.593333333333334
1.5,1.35,0.6,C:\Users\User\Desktop\research-updates\NetworkQualityAnalysis\STM79_graph_metrics.csv,86.06
1.5,1.35,0.6,C:\Users\User\Desktop\research-updates\NetworkQualityAnalysis\STM86_graph_metrics.csv,593.7266666666667
1.5,1.35,0.6,C:\Users\User\Desktop\research-updates\NetworkQualityAnalysis\TestForSkeletonization_2_graph_metrics.csv,760.095
1.5,1.35,0.8999999999999999,C:\Users\User\Desktop\research-updates\NetworkQualityAnalysis\STM02_graph_metrics.csv,100.84666666666664
1.5,1.35,0.8999999999999999,C:\Users\User\Desktop\research-updates\NetworkQualityAnalysis\STM114_graph_metrics.csv,86.44666666666664
1.5,1.35,0.8999999999999999,C:\Users\User\Desktop\research-updates\NetworkQualityAnalysis\STM123_graph_metrics.csv,223.04666666666665
1.5,1.35,0.8999999999999999,C:\Users\User\Desktop\research-updates\NetworkQualityAnalysis\STM131_graph_metrics.csv,231.17999999999998
1.5,1.35,0.8999999999999999,C:\Users\User\Desktop\research-updates\NetworkQualityAnalysis\STM194_graph_metrics.csv,77.93499999999999
1.5,1.35,0.8999999999999999,C:\Users\User\Desktop\research-updates\NetworkQualityAnalysis\STM20_graph_metrics.csv,119.91333333333331
1.5,1.35,0.8999999999999999,C:\Users\User\Desktop\research-updates\NetworkQualityAnalysis\STM31_graph_metrics.csv,70.38499999999999
1.5,1.35,0.8999999999999999,C:\Users\User\Desktop\research-updates\NetworkQualityAnalysis\STM57_b_graph_metrics.csv,118.37999999999998
1.5,1.35,0.8999999999999999,C:\Users\User\Desktop\research-updates\NetworkQualityAnalysis\STM57_c_graph_metrics.csv,136.08499999999998
1.5,1.35,0.8999999999999999,C:\Users\User\Desktop\research-updates\NetworkQualityAnalysis\STM57_graph_metrics.csv,56.646666666666654
1.5,1.35,0.8999999999999999,C:\Users\User\Desktop\research-updates\NetworkQualityAnalysis\STM79_graph_metrics.csv,88.44666666666666
1.5,1.35,0.8999999999999999,C:\Users\User\Desktop\research-updates\NetworkQualityAnalysis\STM86_graph_metrics.csv,603.4466666666666
1.5,1.35,0.8999999999999999,C:\Users\User\Desktop\research-updates\NetworkQualityAnalysis\TestForSkeletonization_2_graph_metrics.csv,763.935
1.5,1.35,1.2,C:\Users\User\Desktop\research-updates\NetworkQualityAnalysis\STM02_graph_metrics.csv,93.40666666666665
1.5,1.35,1.2,C:\Users\User\Desktop\research-updates\NetworkQualityAnalysis\STM114_graph_metrics.csv,75.20666666666666
1.5,1.35,1.2,C:\Users\User\Desktop\research-updates\NetworkQualityAnalysis\STM123_graph_metrics.csv,227.40666666666664
1.5,1.35,1.2,C:\Users\User\Desktop\research-updates\NetworkQualityAnalysis\STM131_graph_metrics.csv,216.27333333333334
1.5,1.35,1.2,C:\Users\User\Desktop\research-updates\NetworkQualityAnalysis\STM194_graph_metrics.csv,69.805
1.5,1.35,1.2,C:\Users\User\Desktop\research-updates\NetworkQualityAnalysis\STM20_graph_metrics.csv,113.80666666666666
1.5,1.35,1.2,C:\Users\User\Desktop\research-updates\NetworkQualityAnalysis\STM31_graph_metrics.csv,66.655
1.5,1.35,1.2,C:\Users\User\Desktop\research-updates\NetworkQualityAnalysis\STM57_b_graph_metrics.csv,110.33999999999999
1.5,1.35,1.2,C:\Users\User\Desktop\research-updates\NetworkQualityAnalysis\STM57_c_graph_metrics.csv,123.95500000000001
1.5,1.35,1.2,C:\Users\User\Desktop\research-updates\NetworkQualityAnalysis\STM57_graph_metrics.csv,52.27333333333332
1.5,1.35,1.2,C:\Users\User\Desktop\research-updates\NetworkQualityAnalysis\STM79_graph_metrics.csv,84.53999999999999
1.5,1.35,1.2,C:\Users\User\Desktop\research-updates\NetworkQualityAnalysis\STM86_graph_metrics.csv,584.2066666666666
1.5,1.35,1.2,C:\Users\User\Desktop\research-updates\NetworkQualityAnalysis\TestForSkeletonization_2_graph_metrics.csv,742.755
1.5,1.6,0.3,C:\Users\User\Desktop\research-updates\NetworkQualityAnalysis\STM02_graph_metrics.csv,64.62
1.5,1.6,0.3,C:\Users\User\Desktop\research-updates\NetworkQualityAnalysis\STM114_graph_metrics.csv,55.086666666666666
1.5,1.6,0.3,C:\Users\User\Desktop\research-updates\NetworkQualityAnalysis\STM123_graph_metrics.csv,210.22000000000003
1.5,1.6,0.3,C:\Users\User\Desktop\research-updates\NetworkQualityAnalysis\STM131_graph_metrics.csv,171.61999999999998
1.5,1.6,0.3,C:\Users\User\Desktop\research-updates\NetworkQualityAnalysis\STM194_graph_metrics.csv,48.614999999999995
1.5,1.6,0.3,C:\Users\User\Desktop\research-updates\NetworkQualityAnalysis\STM20_graph_metrics.csv,73.15333333333332
1.5,1.6,0.3,C:\Users\User\Desktop\research-updates\NetworkQualityAnalysis\STM31_graph_metrics.csv,47.465
1.5,1.6,0.3,C:\Users\User\Desktop\research-updates\NetworkQualityAnalysis\STM57_b_graph_metrics.csv,70.88666666666666
1.5,1.6,0.3,C:\Users\User\Desktop\research-updates\NetworkQualityAnalysis\STM57_c_graph_metrics.csv,104.065
1.5,1.6,0.3,C:\Users\User\Desktop\research-updates\NetworkQualityAnalysis\STM57_graph_metrics.csv,37.35333333333334
1.5,1.6,0.3,C:\Users\User\Desktop\research-updates\NetworkQualityAnalysis\STM79_graph_metrics.csv,67.75333333333334
1.5,1.6,0.3,C:\Users\User\Desktop\research-updates\NetworkQualityAnalysis\STM86_graph_metrics.csv,498.08666666666676
1.5,1.6,0.3,C:\Users\User\Desktop\research-updates\NetworkQualityAnalysis\TestForSkeletonization_2_graph_metrics.csv,695.365
1.5,1.6,0.6,C:\Users\User\Desktop\research-updates\NetworkQualityAnalysis\STM02_graph_metrics.csv,58.179999999999986
1.5,1.6,0.6,C:\Users\User\Desktop\research-updates\NetworkQualityAnalysis\STM114_graph_metrics.csv,53.44666666666666
1.5,1.6,0.6,C:\Users\User\Desktop\research-updates\NetworkQualityAnalysis\STM123_graph_metrics.csv,205.38
1.5,1.6,0.6,C:\Users\User\Desktop\research-updates\NetworkQualityAnalysis\STM131_graph_metrics.csv,160.5133333333333
1.5,1.6,0.6,C:\Users\User\Desktop\research-updates\NetworkQualityAnalysis\STM194_graph_metrics.csv,44.68499999999999
1.5,1.6,0.6,C:\Users\User\Desktop\research-updates\NetworkQualityAnalysis\STM20_graph_metrics.csv,61.24666666666665
1.5,1.6,0.6,C:\Users\User\Desktop\research-updates\NetworkQualityAnalysis\STM31_graph_metrics.csv,43.135
1.5,1.6,0.6,C:\Users\User\Desktop\research-updates\NetworkQualityAnalysis\STM57_b_graph_metrics.csv,60.04666666666665
1.5,1.6,0.6,C:\Users\User\Desktop\research-updates\NetworkQualityAnalysis\STM57_c_graph_metrics.csv,101.83499999999998
1.5,1.6,0.6,C:\Users\User\Desktop\research-updates\NetworkQualityAnalysis\STM57_graph_metrics.csv,35.98
1.5,1.6,0.6,C:\Users\User\Desktop\research-updates\NetworkQualityAnalysis\STM79_graph_metrics.csv,65.44666666666667
1.5,1.6,0.6,C:\Users\User\Desktop\research-updates\NetworkQualityAnalysis\STM86_graph_metrics.csv,470.44666666666666
1.5,1.6,0.6,C:\Users\User\Desktop\research-updates\NetworkQualityAnalysis\TestForSkeletonization_2_graph_metrics.csv,683.935
1.5,1.6,0.8999999999999999,C:\Users\User\Desktop\research-updates\NetworkQualityAnalysis\STM02_graph_metrics.csv,53.46000000000001
1.5,1.6,0.8999999999999999,C:\Users\User\Desktop\research-updates\NetworkQualityAnalysis\STM114_graph_metrics.csv,38.52666666666668
1.5,1.6,0.8999999999999999,C:\Users\User\Desktop\research-updates\NetworkQualityAnalysis\STM123_graph_metrics.csv,218.85999999999999
1.5,1.6,0.8999999999999999,C:\Users\User\Desktop\research-updates\NetworkQualityAnalysis\STM131_graph_metrics.csv,147.26000000000002
1.5,1.6,0.8999999999999999,C:\Users\User\Desktop\research-updates\NetworkQualityAnalysis\STM194_graph_metrics.csv,36.19500000000001
1.5,1.6,0.8999999999999999,C:\Users\User\Desktop\research-updates\NetworkQualityAnalysis\STM20_graph_metrics.csv,63.19333333333335
1.5,1.6,0.8999999999999999,C:\Users\User\Desktop\research-updates\NetworkQualityAnalysis\STM31_graph_metrics.csv,42.245000000000005
1.5,1.6,0.8999999999999999,C:\Users\User\Desktop\research-updates\NetworkQualityAnalysis\STM57_b_graph_metrics.csv,57.92666666666668
1.5,1.6,0.8999999999999999,C:\Users\User\Desktop\research-updates\NetworkQualityAnalysis\STM57_c_graph_metrics.csv,85.345
1.5,1.6,0.8999999999999999,C:\Users\User\Desktop\research-updates\NetworkQualityAnalysis\STM57_graph_metrics.csv,32.193333333333335
1.5,1.6,0.8999999999999999,C:\Users\User\Desktop\research-updates\NetworkQualityAnalysis\STM79_graph_metrics.csv,63.193333333333335
1.5,1.6,0.8999999999999999,C:\Users\User\Desktop\research-updates\NetworkQualityAnalysis\STM86_graph_metrics.csv,463.52666666666664
1.5,1.6,0.8999999999999999,C:\Users\User\Desktop\research-updates\NetworkQualityAnalysis\TestForSkeletonization_2_graph_metrics.csv,659.9949999999999
1.5,1.6,1.2,C:\Users\User\Desktop\research-updates\NetworkQualityAnalysis\STM02_graph_metrics.csv,54.220000000000006
1.5,1.6,1.2,C:\Users\User\Desktop\research-updates\NetworkQualityAnalysis\STM114_graph_metrics.csv,45.28666666666666
1.5,1.6,1.2,C:\Users\User\Desktop\research-updates\NetworkQualityAnalysis\STM123_graph_metrics.csv,210.42000000000004
1.5,1.6,1.2,C:\Users\User\Desktop\research-updates\NetworkQualityAnalysis\STM131_graph_metrics.csv,151.7533333333333
1.5,1.6,1.2,C:\Users\User\Desktop\research-updates\NetworkQualityAnalysis\STM194_graph_metrics.csv,39.464999999999996
1.5,1.6,1.2,C:\Users\User\Desktop\research-updates\NetworkQualityAnalysis\STM20_graph_metrics.csv,59.68666666666667
1.5,1.6,1.2,C:\Users\User\Desktop\research-updates\NetworkQualityAnalysis\STM31_graph_metrics.csv,41.51500000000001
1.5,1.6,1.2,C:\Users\User\Desktop\research-updates\NetworkQualityAnalysis\STM57_b_graph_metrics.csv,56.68666666666666
1.5,1.6,1.2,C:\Users\User\Desktop\research-updates\NetworkQualityAnalysis\STM57_c_graph_metrics.csv,93.01499999999999
1.5,1.6,1.2,C:\Users\User\Desktop\research-updates\NetworkQualityAnalysis\STM57_graph_metrics.csv,33.22000000000001
1.5,1.6,1.2,C:\Users\User\Desktop\research-updates\NetworkQualityAnalysis\STM79_graph_metrics.csv,63.28666666666668
1.5,1.6,1.2,C:\Users\User\Desktop\research-updates\NetworkQualityAnalysis\STM86_graph_metrics.csv,462.28666666666663
1.5,1.6,1.2,C:\Users\User\Desktop\research-updates\NetworkQualityAnalysis\TestForSkeletonization_2_graph_metrics.csv,670.165
