Diffusion Energy,Rotation Energy,Coupling Energy,Comparison File,Frequency Similarity Score,Normalized Similarity Score
0.8,1.1,0.3,C:\Users\User\Desktop\research-updates\NetworkQualityAnalysis\STM02_graph_metrics.csv,48.48666666666666,0.48079592781119856
0.8,1.1,0.6,C:\Users\User\Desktop\research-updates\NetworkQualityAnalysis\STM02_graph_metrics.csv,57.24,0.5675943676869176
0.8,1.1,0.8999999999999999,C:\Users\User\Desktop\research-updates\NetworkQualityAnalysis\STM02_graph_metrics.csv,36.54,0.3623322535863027
0.8,1.1,1.2,C:\Users\User\Desktop\research-updates\NetworkQualityAnalysis\STM02_graph_metrics.csv,38.846666666666685,0.38520526211410094
0.8,1.35,0.3,C:\Users\User\Desktop\research-updates\NetworkQualityAnalysis\STM02_graph_metrics.csv,60.046666666666674,0.5954253982944406
0.8,1.35,0.6,C:\Users\User\Desktop\research-updates\NetworkQualityAnalysis\STM02_graph_metrics.csv,59.08666666666667,0.5859059959013686
0.8,1.35,0.8999999999999999,C:\Users\User\Desktop\research-updates\NetworkQualityAnalysis\STM02_graph_metrics.csv,37.5,0.37185165597937475
0.8,1.35,1.2,C:\Users\User\Desktop\research-updates\NetworkQualityAnalysis\STM02_graph_metrics.csv,41.32666666666667,0.4097970516295367
0.8,1.6,0.3,C:\Users\User\Desktop\research-updates\NetworkQualityAnalysis\STM02_graph_metrics.csv,47.52666666666666,0.4712765254181266
0.8,1.6,0.6,C:\Users\User\Desktop\research-updates\NetworkQualityAnalysis\STM02_graph_metrics.csv,48.940000000000005,0.48529120116348273
0.8,1.6,0.8999999999999999,C:\Users\User\Desktop\research-updates\NetworkQualityAnalysis\STM02_graph_metrics.csv,37.606666666666655,0.37290936735638264
0.8,1.6,1.2,C:\Users\User\Desktop\research-updates\NetworkQualityAnalysis\STM02_graph_metrics.csv,38.03999999999999,0.37720631982547764
1.15,1.1,0.3,C:\Users\User\Desktop\research-updates\NetworkQualityAnalysis\STM02_graph_metrics.csv,69.98666666666666,0.6939908772393735
1.15,1.1,0.6,C:\Users\User\Desktop\research-updates\NetworkQualityAnalysis\STM02_graph_metrics.csv,75.22000000000001,0.7458848416738286
1.15,1.1,0.8999999999999999,C:\Users\User\Desktop\research-updates\NetworkQualityAnalysis\STM02_graph_metrics.csv,62.94666666666666,0.6241819263568454
1.15,1.1,1.2,C:\Users\User\Desktop\research-updates\NetworkQualityAnalysis\STM02_graph_metrics.csv,43.97999999999999,0.4361076221326106
1.15,1.35,0.3,C:\Users\User\Desktop\research-updates\NetworkQualityAnalysis\STM02_graph_metrics.csv,49.18666666666667,0.48773715872281365
1.15,1.35,0.6,C:\Users\User\Desktop\research-updates\NetworkQualityAnalysis\STM02_graph_metrics.csv,52.72666666666667,0.5228399550472667
1.15,1.35,0.8999999999999999,C:\Users\User\Desktop\research-updates\NetworkQualityAnalysis\STM02_graph_metrics.csv,53.68666666666668,0.5323593574403388
1.15,1.35,1.2,C:\Users\User\Desktop\research-updates\NetworkQualityAnalysis\STM02_graph_metrics.csv,30.36,0.3010511006809018
1.15,1.6,0.3,C:\Users\User\Desktop\research-updates\NetworkQualityAnalysis\STM02_graph_metrics.csv,47.64000000000001,0.47240034375619777
1.15,1.6,0.6,C:\Users\User\Desktop\research-updates\NetworkQualityAnalysis\STM02_graph_metrics.csv,59.26000000000001,0.5876247768890067
1.15,1.6,0.8999999999999999,C:\Users\User\Desktop\research-updates\NetworkQualityAnalysis\STM02_graph_metrics.csv,40.16666666666666,0.3982944404045746
1.15,1.6,1.2,C:\Users\User\Desktop\research-updates\NetworkQualityAnalysis\STM02_graph_metrics.csv,45.720000000000006,0.45336153897005377
1.5,1.1,0.3,C:\Users\User\Desktop\research-updates\NetworkQualityAnalysis\STM02_graph_metrics.csv,95.80666666666669,0.9500231374363726
1.5,1.1,0.6,C:\Users\User\Desktop\research-updates\NetworkQualityAnalysis\STM02_graph_metrics.csv,94.98,0.9418258742645604
1.5,1.1,0.8999999999999999,C:\Users\User\Desktop\research-updates\NetworkQualityAnalysis\STM02_graph_metrics.csv,92.38666666666666,0.9161102664110533
1.5,1.1,1.2,C:\Users\User\Desktop\research-updates\NetworkQualityAnalysis\STM02_graph_metrics.csv,83.24666666666666,0.8254776227936803
1.5,1.35,0.3,C:\Users\User\Desktop\research-updates\NetworkQualityAnalysis\STM02_graph_metrics.csv,77.66666666666667,0.7701460963839495
1.5,1.35,0.6,C:\Users\User\Desktop\research-updates\NetworkQualityAnalysis\STM02_graph_metrics.csv,97.32666666666668,0.9650955245587365
1.5,1.35,0.8999999999999999,C:\Users\User\Desktop\research-updates\NetworkQualityAnalysis\STM02_graph_metrics.csv,100.84666666666664,1.0
1.5,1.35,1.2,C:\Users\User\Desktop\research-updates\NetworkQualityAnalysis\STM02_graph_metrics.csv,93.40666666666664,0.926224631453692
1.5,1.6,0.3,C:\Users\User\Desktop\research-updates\NetworkQualityAnalysis\STM02_graph_metrics.csv,64.62,0.6407747735836586
1.5,1.6,0.6,C:\Users\User\Desktop\research-updates\NetworkQualityAnalysis\STM02_graph_metrics.csv,58.17999999999999,0.5769154491968005
1.5,1.6,0.8999999999999999,C:\Users\User\Desktop\research-updates\NetworkQualityAnalysis\STM02_graph_metrics.csv,53.46000000000001,0.5301117207641967
1.5,1.6,1.2,C:\Users\User\Desktop\research-updates\NetworkQualityAnalysis\STM02_graph_metrics.csv,54.220000000000006,0.5376479143253787
0.8,1.1,0.3,C:\Users\User\Desktop\research-updates\NetworkQualityAnalysis\STM114_graph_metrics.csv,49.08666666666667,0.5678260198966609
0.8,1.1,0.6,C:\Users\User\Desktop\research-updates\NetworkQualityAnalysis\STM114_graph_metrics.csv,63.906666666666666,0.7392612015115294
0.8,1.1,0.8999999999999999,C:\Users\User\Desktop\research-updates\NetworkQualityAnalysis\STM114_graph_metrics.csv,38.00666666666668,0.43965450759620606
0.8,1.1,1.2,C:\Users\User\Desktop\research-updates\NetworkQualityAnalysis\STM114_graph_metrics.csv,37.78,0.43703246703169596
0.8,1.35,0.3,C:\Users\User\Desktop\research-updates\NetworkQualityAnalysis\STM114_graph_metrics.csv,66.44666666666667,0.768643479602067
0.8,1.35,0.6,C:\Users\User\Desktop\research-updates\NetworkQualityAnalysis\STM114_graph_metrics.csv,52.886666666666656,0.6117837587722681
0.8,1.35,0.8999999999999999,C:\Users\User\Desktop\research-updates\NetworkQualityAnalysis\STM114_graph_metrics.csv,42.16666666666666,0.4877766638389759
0.8,1.35,1.2,C:\Users\User\Desktop\research-updates\NetworkQualityAnalysis\STM114_graph_metrics.csv,44.72666666666667,0.5173902984499115
0.8,1.6,0.3,C:\Users\User\Desktop\research-updates\NetworkQualityAnalysis\STM114_graph_metrics.csv,51.126666666666665,0.59142438497725
0.8,1.6,0.6,C:\Users\User\Desktop\research-updates\NetworkQualityAnalysis\STM114_graph_metrics.csv,52.806666666666665,0.6108583326906765
0.8,1.6,0.8999999999999999,C:\Users\User\Desktop\research-updates\NetworkQualityAnalysis\STM114_graph_metrics.csv,41.74,0.4828410580704868
0.8,1.6,1.2,C:\Users\User\Desktop\research-updates\NetworkQualityAnalysis\STM114_graph_metrics.csv,41.50666666666666,0.4801418986658441
1.15,1.1,0.3,C:\Users\User\Desktop\research-updates\NetworkQualityAnalysis\STM114_graph_metrics.csv,54.786666666666655,0.6337626282100718
1.15,1.1,0.6,C:\Users\User\Desktop\research-updates\NetworkQualityAnalysis\STM114_graph_metrics.csv,56.28666666666666,0.6511143672399168
1.15,1.1,0.8999999999999999,C:\Users\User\Desktop\research-updates\NetworkQualityAnalysis\STM114_graph_metrics.csv,48.54666666666666,0.5615793938459166
1.15,1.1,1.2,C:\Users\User\Desktop\research-updates\NetworkQualityAnalysis\STM114_graph_metrics.csv,54.04666666666666,0.6252024369553483
1.15,1.35,0.3,C:\Users\User\Desktop\research-updates\NetworkQualityAnalysis\STM114_graph_metrics.csv,47.31999999999999,0.54738952726151
1.15,1.35,0.6,C:\Users\User\Desktop\research-updates\NetworkQualityAnalysis\STM114_graph_metrics.csv,51.06,0.5906531965759236
1.15,1.35,0.8999999999999999,C:\Users\User\Desktop\research-updates\NetworkQualityAnalysis\STM114_graph_metrics.csv,54.42,0.6295210920027765
1.15,1.35,1.2,C:\Users\User\Desktop\research-updates\NetworkQualityAnalysis\STM114_graph_metrics.csv,28.626666666666665,0.33114829952957514
1.15,1.6,0.3,C:\Users\User\Desktop\research-updates\NetworkQualityAnalysis\STM114_graph_metrics.csv,45.50666666666666,0.5264132027454308
1.15,1.6,0.6,C:\Users\User\Desktop\research-updates\NetworkQualityAnalysis\STM114_graph_metrics.csv,59.32666666666668,0.6862805583404029
1.15,1.6,0.8999999999999999,C:\Users\User\Desktop\research-updates\NetworkQualityAnalysis\STM114_graph_metrics.csv,40.5,0.4684969538058149
1.15,1.6,1.2,C:\Users\User\Desktop\research-updates\NetworkQualityAnalysis\STM114_graph_metrics.csv,56.78666666666668,0.6568982802498654
1.5,1.1,0.3,C:\Users\User\Desktop\research-updates\NetworkQualityAnalysis\STM114_graph_metrics.csv,81.34,0.9409269684583946
1.5,1.1,0.6,C:\Users\User\Desktop\research-updates\NetworkQualityAnalysis\STM114_graph_metrics.csv,83.84666666666665,0.9699236523482687
1.5,1.1,0.8999999999999999,C:\Users\User\Desktop\research-updates\NetworkQualityAnalysis\STM114_graph_metrics.csv,74.52,0.8620343950026993
1.5,1.1,1.2,C:\Users\User\Desktop\research-updates\NetworkQualityAnalysis\STM114_graph_metrics.csv,69.17999999999999,0.8002622040564511
1.5,1.35,0.3,C:\Users\User\Desktop\research-updates\NetworkQualityAnalysis\STM114_graph_metrics.csv,61.66666666666666,0.7133492712269608
1.5,1.35,0.6,C:\Users\User\Desktop\research-updates\NetworkQualityAnalysis\STM114_graph_metrics.csv,84.72666666666667,0.9801033392457781
1.5,1.35,0.8999999999999999,C:\Users\User\Desktop\research-updates\NetworkQualityAnalysis\STM114_graph_metrics.csv,86.44666666666664,1.0
1.5,1.35,1.2,C:\Users\User\Desktop\research-updates\NetworkQualityAnalysis\STM114_graph_metrics.csv,75.20666666666666,0.8699776355363618
1.5,1.6,0.3,C:\Users\User\Desktop\research-updates\NetworkQualityAnalysis\STM114_graph_metrics.csv,55.086666666666666,0.6372329760160409
1.5,1.6,0.6,C:\Users\User\Desktop\research-updates\NetworkQualityAnalysis\STM114_graph_metrics.csv,53.44666666666666,0.6182617413434103
1.5,1.6,0.8999999999999999,C:\Users\User\Desktop\research-updates\NetworkQualityAnalysis\STM114_graph_metrics.csv,38.52666666666668,0.44566977712655226
1.5,1.6,1.2,C:\Users\User\Desktop\research-updates\NetworkQualityAnalysis\STM114_graph_metrics.csv,45.28666666666666,0.5238682810210535
0.8,1.1,0.3,C:\Users\User\Desktop\research-updates\NetworkQualityAnalysis\STM123_graph_metrics.csv,205.28666666666663,0.7222131012969953
0.8,1.1,0.6,C:\Users\User\Desktop\research-updates\NetworkQualityAnalysis\STM123_graph_metrics.csv,201.04000000000005,0.7072730257757347
0.8,1.1,0.8999999999999999,C:\Users\User\Desktop\research-updates\NetworkQualityAnalysis\STM123_graph_metrics.csv,265.54,0.9341886155217298
0.8,1.1,1.2,C:\Users\User\Desktop\research-updates\NetworkQualityAnalysis\STM123_graph_metrics.csv,284.2466666666667,1.0
0.8,1.35,0.3,C:\Users\User\Desktop\research-updates\NetworkQualityAnalysis\STM123_graph_metrics.csv,199.84666666666664,0.7030747941928369
0.8,1.35,0.6,C:\Users\User\Desktop\research-updates\NetworkQualityAnalysis\STM123_graph_metrics.csv,206.6866666666667,0.7271384009193892
0.8,1.35,0.8999999999999999,C:\Users\User\Desktop\research-updates\NetworkQualityAnalysis\STM123_graph_metrics.csv,250.5,0.8812768252925861
0.8,1.35,1.2,C:\Users\User\Desktop\research-updates\NetworkQualityAnalysis\STM123_graph_metrics.csv,275.32666666666665,0.9686188052630342
0.8,1.6,0.3,C:\Users\User\Desktop\research-updates\NetworkQualityAnalysis\STM123_graph_metrics.csv,206.1266666666667,0.7251682810704317
0.8,1.6,0.6,C:\Users\User\Desktop\research-updates\NetworkQualityAnalysis\STM123_graph_metrics.csv,205.14,0.7216971175270304
0.8,1.6,0.8999999999999999,C:\Users\User\Desktop\research-updates\NetworkQualityAnalysis\STM123_graph_metrics.csv,255.40666666666664,0.8985388277786895
0.8,1.6,1.2,C:\Users\User\Desktop\research-updates\NetworkQualityAnalysis\STM123_graph_metrics.csv,261.84,0.9211717522339748
1.15,1.1,0.3,C:\Users\User\Desktop\research-updates\NetworkQualityAnalysis\STM123_graph_metrics.csv,218.5866666666667,0.7690034477097356
1.15,1.1,0.6,C:\Users\User\Desktop\research-updates\NetworkQualityAnalysis\STM123_graph_metrics.csv,225.42000000000004,0.793043600628562
1.15,1.1,0.8999999999999999,C:\Users\User\Desktop\research-updates\NetworkQualityAnalysis\STM123_graph_metrics.csv,217.14666666666668,0.7639374252409877
1.15,1.1,1.2,C:\Users\User\Desktop\research-updates\NetworkQualityAnalysis\STM123_graph_metrics.csv,243.58,0.8569317728733259
1.15,1.35,0.3,C:\Users\User\Desktop\research-updates\NetworkQualityAnalysis\STM123_graph_metrics.csv,205.78666666666663,0.7239721368764216
1.15,1.35,0.6,C:\Users\User\Desktop\research-updates\NetworkQualityAnalysis\STM123_graph_metrics.csv,204.32666666666668,0.718835752984497
1.15,1.35,0.8999999999999999,C:\Users\User\Desktop\research-updates\NetworkQualityAnalysis\STM123_graph_metrics.csv,202.88666666666668,0.7137697305157491
1.15,1.35,1.2,C:\Users\User\Desktop\research-updates\NetworkQualityAnalysis\STM123_graph_metrics.csv,243.36,0.8561577972183783
1.15,1.6,0.3,C:\Users\User\Desktop\research-updates\NetworkQualityAnalysis\STM123_graph_metrics.csv,206.64,0.7269742242653092
1.15,1.6,0.6,C:\Users\User\Desktop\research-updates\NetworkQualityAnalysis\STM123_graph_metrics.csv,201.66,0.7094542298942231
1.15,1.6,0.8999999999999999,C:\Users\User\Desktop\research-updates\NetworkQualityAnalysis\STM123_graph_metrics.csv,212.16666666666663,0.7464174308699014
1.15,1.6,1.2,C:\Users\User\Desktop\research-updates\NetworkQualityAnalysis\STM123_graph_metrics.csv,245.92,0.8651640593850409
1.5,1.1,0.3,C:\Users\User\Desktop\research-updates\NetworkQualityAnalysis\STM123_graph_metrics.csv,221.8066666666667,0.7803316368412412
1.5,1.1,0.6,C:\Users\User\Desktop\research-updates\NetworkQualityAnalysis\STM123_graph_metrics.csv,216.58,0.7619438515843046
1.5,1.1,0.8999999999999999,C:\Users\User\Desktop\research-updates\NetworkQualityAnalysis\STM123_graph_metrics.csv,226.58666666666667,0.7971480169805566
1.5,1.1,1.2,C:\Users\User\Desktop\research-updates\NetworkQualityAnalysis\STM123_graph_metrics.csv,218.44666666666663,0.768510917747496
1.5,1.35,0.3,C:\Users\User\Desktop\research-updates\NetworkQualityAnalysis\STM123_graph_metrics.csv,220.66666666666663,0.7763210357201489
1.5,1.35,0.6,C:\Users\User\Desktop\research-updates\NetworkQualityAnalysis\STM123_graph_metrics.csv,219.32666666666668,0.7716068203672866
1.5,1.35,0.8999999999999999,C:\Users\User\Desktop\research-updates\NetworkQualityAnalysis\STM123_graph_metrics.csv,223.04666666666665,0.7846940450782183
1.5,1.35,1.2,C:\Users\User\Desktop\research-updates\NetworkQualityAnalysis\STM123_graph_metrics.csv,227.40666666666664,0.8000328353308157
1.5,1.6,0.3,C:\Users\User\Desktop\research-updates\NetworkQualityAnalysis\STM123_graph_metrics.csv,210.22000000000003,0.7395689190140019
1.5,1.6,0.6,C:\Users\User\Desktop\research-updates\NetworkQualityAnalysis\STM123_graph_metrics.csv,205.38,0.722541454605155
1.5,1.6,0.8999999999999999,C:\Users\User\Desktop\research-updates\NetworkQualityAnalysis\STM123_graph_metrics.csv,218.86,0.7699650538264886
1.5,1.6,1.2,C:\Users\User\Desktop\research-updates\NetworkQualityAnalysis\STM123_graph_metrics.csv,210.42000000000004,0.7402725332457725
0.8,1.1,0.3,C:\Users\User\Desktop\research-updates\NetworkQualityAnalysis\STM131_graph_metrics.csv,138.95333333333335,0.6010612221357096
0.8,1.1,0.6,C:\Users\User\Desktop\research-updates\NetworkQualityAnalysis\STM131_graph_metrics.csv,154.64,0.6689159961934422
0.8,1.1,0.8999999999999999,C:\Users\User\Desktop\research-updates\NetworkQualityAnalysis\STM131_graph_metrics.csv,64.74000000000001,0.2800415260835713
0.8,1.1,1.2,C:\Users\User\Desktop\research-updates\NetworkQualityAnalysis\STM131_graph_metrics.csv,54.77999999999997,0.2369582143784063
0.8,1.35,0.3,C:\Users\User\Desktop\research-updates\NetworkQualityAnalysis\STM131_graph_metrics.csv,161.04666666666668,0.69662888946564
0.8,1.35,0.6,C:\Users\User\Desktop\research-updates\NetworkQualityAnalysis\STM131_graph_metrics.csv,162.08666666666667,0.7011275485191915
0.8,1.35,0.8999999999999999,C:\Users\User\Desktop\research-updates\NetworkQualityAnalysis\STM131_graph_metrics.csv,77.16666666666667,0.3337947342619027
0.8,1.35,1.2,C:\Users\User\Desktop\research-updates\NetworkQualityAnalysis\STM131_graph_metrics.csv,63.92666666666667,0.2765233440032298
0.8,1.6,0.3,C:\Users\User\Desktop\research-updates\NetworkQualityAnalysis\STM131_graph_metrics.csv,134.39333333333332,0.581336332439369
0.8,1.6,0.6,C:\Users\User\Desktop\research-updates\NetworkQualityAnalysis\STM131_graph_metrics.csv,137.67333333333332,0.595524410992877
0.8,1.6,0.8999999999999999,C:\Users\User\Desktop\research-updates\NetworkQualityAnalysis\STM131_graph_metrics.csv,73.54,0.3181071026905442
0.8,1.6,1.2,C:\Users\User\Desktop\research-updates\NetworkQualityAnalysis\STM131_graph_metrics.csv,69.30666666666667,0.2997952533379474
1.15,1.1,0.3,C:\Users\User\Desktop\research-updates\NetworkQualityAnalysis\STM131_graph_metrics.csv,178.32000000000002,0.7713470023358423
1.15,1.1,0.6,C:\Users\User\Desktop\research-updates\NetworkQualityAnalysis\STM131_graph_metrics.csv,184.75333333333333,0.7991752458401822
1.15,1.1,0.8999999999999999,C:\Users\User\Desktop\research-updates\NetworkQualityAnalysis\STM131_graph_metrics.csv,165.94666666666666,0.7178244946217953
1.15,1.1,1.2,C:\Users\User\Desktop\research-updates\NetworkQualityAnalysis\STM131_graph_metrics.csv,91.38000000000004,0.39527640799377123
1.15,1.35,0.3,C:\Users\User\Desktop\research-updates\NetworkQualityAnalysis\STM131_graph_metrics.csv,141.51999999999998,0.6121636819794098
1.15,1.35,0.6,C:\Users\User\Desktop\research-updates\NetworkQualityAnalysis\STM131_graph_metrics.csv,149.19333333333333,0.6453557112783689
1.15,1.35,0.8999999999999999,C:\Users\User\Desktop\research-updates\NetworkQualityAnalysis\STM131_graph_metrics.csv,150.5533333333333,0.6512385731176283
1.15,1.35,1.2,C:\Users\User\Desktop\research-updates\NetworkQualityAnalysis\STM131_graph_metrics.csv,74.42666666666666,0.32194249790927704
1.15,1.6,0.3,C:\Users\User\Desktop\research-updates\NetworkQualityAnalysis\STM131_graph_metrics.csv,138.10666666666663,0.59739885226519
1.15,1.6,0.6,C:\Users\User\Desktop\research-updates\NetworkQualityAnalysis\STM131_graph_metrics.csv,162.39333333333337,0.7024540761888285
1.15,1.6,0.8999999999999999,C:\Users\User\Desktop\research-updates\NetworkQualityAnalysis\STM131_graph_metrics.csv,117.83333333333331,0.5097038382789745
1.15,1.6,1.2,C:\Users\User\Desktop\research-updates\NetworkQualityAnalysis\STM131_graph_metrics.csv,91.92,0.3976122501946535
1.5,1.1,0.3,C:\Users\User\Desktop\research-updates\NetworkQualityAnalysis\STM131_graph_metrics.csv,222.94000000000003,0.9643567782680164
1.5,1.1,0.6,C:\Users\User\Desktop\research-updates\NetworkQualityAnalysis\STM131_graph_metrics.csv,223.58,0.9671251838394325
1.5,1.1,0.8999999999999999,C:\Users\User\Desktop\research-updates\NetworkQualityAnalysis\STM131_graph_metrics.csv,214.85333333333327,0.9293768203708507
1.5,1.1,1.2,C:\Users\User\Desktop\research-updates\NetworkQualityAnalysis\STM131_graph_metrics.csv,202.24666666666664,0.8748449981255586
1.5,1.35,0.3,C:\Users\User\Desktop\research-updates\NetworkQualityAnalysis\STM131_graph_metrics.csv,191.33333333333331,0.8276379156213051
1.5,1.35,0.6,C:\Users\User\Desktop\research-updates\NetworkQualityAnalysis\STM131_graph_metrics.csv,226.59333333333333,0.9801597600715172
1.5,1.35,0.8999999999999999,C:\Users\User\Desktop\research-updates\NetworkQualityAnalysis\STM131_graph_metrics.csv,231.18,1.0
1.5,1.35,1.2,C:\Users\User\Desktop\research-updates\NetworkQualityAnalysis\STM131_graph_metrics.csv,216.2733333333333,0.9355192202324306
1.5,1.6,0.3,C:\Users\User\Desktop\research-updates\NetworkQualityAnalysis\STM131_graph_metrics.csv,171.61999999999998,0.7423652565100786
1.5,1.6,0.6,C:\Users\User\Desktop\research-updates\NetworkQualityAnalysis\STM131_graph_metrics.csv,160.5133333333333,0.694321884822793
1.5,1.6,0.8999999999999999,C:\Users\User\Desktop\research-updates\NetworkQualityAnalysis\STM131_graph_metrics.csv,147.26000000000002,0.6369928194480492
1.5,1.6,1.2,C:\Users\User\Desktop\research-updates\NetworkQualityAnalysis\STM131_graph_metrics.csv,151.7533333333333,0.6564293335640337
0.8,1.1,0.3,C:\Users\User\Desktop\research-updates\NetworkQualityAnalysis\STM194_graph_metrics.csv,37.315000000000005,0.47879643292487345
0.8,1.1,0.6,C:\Users\User\Desktop\research-updates\NetworkQualityAnalysis\STM194_graph_metrics.csv,47.13,0.604734714826458
0.8,1.1,0.8999999999999999,C:\Users\User\Desktop\research-updates\NetworkQualityAnalysis\STM194_graph_metrics.csv,18.405000000000005,0.23615833707576836
0.8,1.1,1.2,C:\Users\User\Desktop\research-updates\NetworkQualityAnalysis\STM194_graph_metrics.csv,17.235000000000003,0.22114582665041388
0.8,1.35,0.3,C:\Users\User\Desktop\research-updates\NetworkQualityAnalysis\STM194_graph_metrics.csv,49.73500000000001,0.6381600051324824
0.8,1.35,0.6,C:\Users\User\Desktop\research-updates\NetworkQualityAnalysis\STM194_graph_metrics.csv,44.965,0.5769551549368065
0.8,1.35,0.8999999999999999,C:\Users\User\Desktop\research-updates\NetworkQualityAnalysis\STM194_graph_metrics.csv,22.125,0.28389042150510047
0.8,1.35,1.2,C:\Users\User\Desktop\research-updates\NetworkQualityAnalysis\STM194_graph_metrics.csv,21.745000000000005,0.2790145634182332
0.8,1.6,0.3,C:\Users\User\Desktop\research-updates\NetworkQualityAnalysis\STM194_graph_metrics.csv,37.045,0.4753320074420993
0.8,1.6,0.6,C:\Users\User\Desktop\research-updates\NetworkQualityAnalysis\STM194_graph_metrics.csv,38.505,0.49406556746006297
0.8,1.6,0.8999999999999999,C:\Users\User\Desktop\research-updates\NetworkQualityAnalysis\STM194_graph_metrics.csv,21.405,0.27465195355103617
0.8,1.6,1.2,C:\Users\User\Desktop\research-updates\NetworkQualityAnalysis\STM194_graph_metrics.csv,20.73,0.2659908898441009
1.15,1.1,0.3,C:\Users\User\Desktop\research-updates\NetworkQualityAnalysis\STM194_graph_metrics.csv,50.89,0.6529800474754605
1.15,1.1,0.6,C:\Users\User\Desktop\research-updates\NetworkQualityAnalysis\STM194_graph_metrics.csv,53.715,0.689228202989671
1.15,1.1,0.8999999999999999,C:\Users\User\Desktop\research-updates\NetworkQualityAnalysis\STM194_graph_metrics.csv,45.00999999999999,0.5775325591839353
1.15,1.1,1.2,C:\Users\User\Desktop\research-updates\NetworkQualityAnalysis\STM194_graph_metrics.csv,30.135,0.38666837749406563
1.15,1.35,0.3,C:\Users\User\Desktop\research-updates\NetworkQualityAnalysis\STM194_graph_metrics.csv,37.28999999999999,0.47847565278757936
1.15,1.35,0.6,C:\Users\User\Desktop\research-updates\NetworkQualityAnalysis\STM194_graph_metrics.csv,40.695,0.5221659074870085
1.15,1.35,0.8999999999999999,C:\Users\User\Desktop\research-updates\NetworkQualityAnalysis\STM194_graph_metrics.csv,42.315,0.5429524603836531
1.15,1.35,1.2,C:\Users\User\Desktop\research-updates\NetworkQualityAnalysis\STM194_graph_metrics.csv,15.269999999999996,0.19593250785911334
1.15,1.6,0.3,C:\Users\User\Desktop\research-updates\NetworkQualityAnalysis\STM194_graph_metrics.csv,35.730000000000004,0.45845897222044024
1.15,1.6,0.6,C:\Users\User\Desktop\research-updates\NetworkQualityAnalysis\STM194_graph_metrics.csv,47.295,0.6068518637325978
1.15,1.6,0.8999999999999999,C:\Users\User\Desktop\research-updates\NetworkQualityAnalysis\STM194_graph_metrics.csv,28.875,0.37050105857445315
1.15,1.6,1.2,C:\Users\User\Desktop\research-updates\NetworkQualityAnalysis\STM194_graph_metrics.csv,31.590000000000007,0.4053377814845706
1.5,1.1,0.3,C:\Users\User\Desktop\research-updates\NetworkQualityAnalysis\STM194_graph_metrics.csv,73.605,0.9444408802206969
1.5,1.1,0.6,C:\Users\User\Desktop\research-updates\NetworkQualityAnalysis\STM194_graph_metrics.csv,74.38499999999999,0.9544492205042664
1.5,1.1,0.8999999999999999,C:\Users\User\Desktop\research-updates\NetworkQualityAnalysis\STM194_graph_metrics.csv,69.09,0.8865079874254188
1.5,1.1,1.2,C:\Users\User\Desktop\research-updates\NetworkQualityAnalysis\STM194_graph_metrics.csv,62.98499999999999,0.8081734778982486
1.5,1.35,0.3,C:\Users\User\Desktop\research-updates\NetworkQualityAnalysis\STM194_graph_metrics.csv,57.25,0.7345865144030282
1.5,1.35,0.6,C:\Users\User\Desktop\research-updates\NetworkQualityAnalysis\STM194_graph_metrics.csv,75.745,0.9718996599730547
1.5,1.35,0.8999999999999999,C:\Users\User\Desktop\research-updates\NetworkQualityAnalysis\STM194_graph_metrics.csv,77.93499999999999,1.0
1.5,1.35,1.2,C:\Users\User\Desktop\research-updates\NetworkQualityAnalysis\STM194_graph_metrics.csv,69.805,0.8956822993520244
1.5,1.6,0.3,C:\Users\User\Desktop\research-updates\NetworkQualityAnalysis\STM194_graph_metrics.csv,48.615,0.6237890549817157
1.5,1.6,0.6,C:\Users\User\Desktop\research-updates\NetworkQualityAnalysis\STM194_graph_metrics.csv,44.68499999999999,0.5733624173991145
1.5,1.6,0.8999999999999999,C:\Users\User\Desktop\research-updates\NetworkQualityAnalysis\STM194_graph_metrics.csv,36.19500000000001,0.4644254827741068
1.5,1.6,1.2,C:\Users\User\Desktop\research-updates\NetworkQualityAnalysis\STM194_graph_metrics.csv,39.465,0.5063835247321488
0.8,1.1,0.3,C:\Users\User\Desktop\research-updates\NetworkQualityAnalysis\STM20_graph_metrics.csv,43.68666666666667,0.364318674598321
0.8,1.1,0.6,C:\Users\User\Desktop\research-updates\NetworkQualityAnalysis\STM20_graph_metrics.csv,48.973333333333336,0.4084060710513149
0.8,1.1,0.8999999999999999,C:\Users\User\Desktop\research-updates\NetworkQualityAnalysis\STM20_graph_metrics.csv,14.273333333333332,0.11903041085228219
0.8,1.1,1.2,C:\Users\User\Desktop\research-updates\NetworkQualityAnalysis\STM20_graph_metrics.csv,15.513333333333344,0.12937121254239184
0.8,1.35,0.3,C:\Users\User\Desktop\research-updates\NetworkQualityAnalysis\STM20_graph_metrics.csv,52.98000000000001,0.4418190915661312
0.8,1.35,0.6,C:\Users\User\Desktop\research-updates\NetworkQualityAnalysis\STM20_graph_metrics.csv,63.620000000000005,0.5305498415522323
0.8,1.35,0.8999999999999999,C:\Users\User\Desktop\research-updates\NetworkQualityAnalysis\STM20_graph_metrics.csv,15.5,0.12926002112636906
0.8,1.35,1.2,C:\Users\User\Desktop\research-updates\NetworkQualityAnalysis\STM20_graph_metrics.csv,15.86,0.13226218935898149
0.8,1.6,0.3,C:\Users\User\Desktop\research-updates\NetworkQualityAnalysis\STM20_graph_metrics.csv,39.12666666666666,0.32629121031856334
0.8,1.6,0.6,C:\Users\User\Desktop\research-updates\NetworkQualityAnalysis\STM20_graph_metrics.csv,40.806666666666665,0.34030132873742147
0.8,1.6,0.8999999999999999,C:\Users\User\Desktop\research-updates\NetworkQualityAnalysis\STM20_graph_metrics.csv,15.073333333333329,0.12570189581364316
0.8,1.6,1.2,C:\Users\User\Desktop\research-updates\NetworkQualityAnalysis\STM20_graph_metrics.csv,14.839999999999996,0.1237560460332462
1.15,1.1,0.3,C:\Users\User\Desktop\research-updates\NetworkQualityAnalysis\STM20_graph_metrics.csv,83.85333333333334,0.6992828153666538
1.15,1.1,0.6,C:\Users\User\Desktop\research-updates\NetworkQualityAnalysis\STM20_graph_metrics.csv,92.68666666666668,0.7729471284816813
1.15,1.1,0.8999999999999999,C:\Users\User\Desktop\research-updates\NetworkQualityAnalysis\STM20_graph_metrics.csv,74.67999999999999,0.6227831211430477
1.15,1.1,1.2,C:\Users\User\Desktop\research-updates\NetworkQualityAnalysis\STM20_graph_metrics.csv,19.31333333333333,0.16106076610885636
1.15,1.35,0.3,C:\Users\User\Desktop\research-updates\NetworkQualityAnalysis\STM20_graph_metrics.csv,47.053333333333335,0.3923945071440485
1.15,1.35,0.6,C:\Users\User\Desktop\research-updates\NetworkQualityAnalysis\STM20_graph_metrics.csv,51.52666666666667,0.4296992272196587
1.15,1.35,0.8999999999999999,C:\Users\User\Desktop\research-updates\NetworkQualityAnalysis\STM20_graph_metrics.csv,50.48666666666667,0.42102629676988945
1.15,1.35,1.2,C:\Users\User\Desktop\research-updates\NetworkQualityAnalysis\STM20_graph_metrics.csv,15.159999999999998,0.1264246400177906
1.15,1.6,0.3,C:\Users\User\Desktop\research-updates\NetworkQualityAnalysis\STM20_graph_metrics.csv,45.24000000000001,0.37727247456496366
1.15,1.6,0.6,C:\Users\User\Desktop\research-updates\NetworkQualityAnalysis\STM20_graph_metrics.csv,58.32666666666668,0.48640684939122714
1.15,1.6,0.8999999999999999,C:\Users\User\Desktop\research-updates\NetworkQualityAnalysis\STM20_graph_metrics.csv,32.166666666666664,0.26824929115472285
1.15,1.6,1.2,C:\Users\User\Desktop\research-updates\NetworkQualityAnalysis\STM20_graph_metrics.csv,19.85333333333334,0.1655640184577751
1.5,1.1,0.3,C:\Users\User\Desktop\research-updates\NetworkQualityAnalysis\STM20_graph_metrics.csv,114.07333333333334,0.9512981597820649
1.5,1.1,0.6,C:\Users\User\Desktop\research-updates\NetworkQualityAnalysis\STM20_graph_metrics.csv,110.71333333333332,0.9232779229443486
1.5,1.1,0.8999999999999999,C:\Users\User\Desktop\research-updates\NetworkQualityAnalysis\STM20_graph_metrics.csv,112.38666666666666,0.9372324456551954
1.5,1.1,1.2,C:\Users\User\Desktop\research-updates\NetworkQualityAnalysis\STM20_graph_metrics.csv,98.97999999999998,0.8254294768443875
1.5,1.35,0.3,C:\Users\User\Desktop\research-updates\NetworkQualityAnalysis\STM20_graph_metrics.csv,93.66666666666669,0.7811196975593486
1.5,1.35,0.6,C:\Users\User\Desktop\research-updates\NetworkQualityAnalysis\STM20_graph_metrics.csv,114.52666666666666,0.955078667926836
1.5,1.35,0.8999999999999999,C:\Users\User\Desktop\research-updates\NetworkQualityAnalysis\STM20_graph_metrics.csv,119.91333333333333,1.0
1.5,1.35,1.2,C:\Users\User\Desktop\research-updates\NetworkQualityAnalysis\STM20_graph_metrics.csv,113.80666666666666,0.9490743314616111
1.5,1.6,0.3,C:\Users\User\Desktop\research-updates\NetworkQualityAnalysis\STM20_graph_metrics.csv,73.15333333333332,0.6100517040084504
1.5,1.6,0.6,C:\Users\User\Desktop\research-updates\NetworkQualityAnalysis\STM20_graph_metrics.csv,61.24666666666665,0.5107577695001945
1.5,1.6,0.8999999999999999,C:\Users\User\Desktop\research-updates\NetworkQualityAnalysis\STM20_graph_metrics.csv,63.19333333333335,0.5269917162395065
1.5,1.6,1.2,C:\Users\User\Desktop\research-updates\NetworkQualityAnalysis\STM20_graph_metrics.csv,59.68666666666667,0.4977483738255407
0.8,1.1,0.3,C:\Users\User\Desktop\research-updates\NetworkQualityAnalysis\STM31_graph_metrics.csv,37.76499999999999,0.5365489806066633
0.8,1.1,0.6,C:\Users\User\Desktop\research-updates\NetworkQualityAnalysis\STM31_graph_metrics.csv,42.38,0.6021169283227962
0.8,1.1,0.8999999999999999,C:\Users\User\Desktop\research-updates\NetworkQualityAnalysis\STM31_graph_metrics.csv,41.255,0.5861334091070541
0.8,1.1,1.2,C:\Users\User\Desktop\research-updates\NetworkQualityAnalysis\STM31_graph_metrics.csv,45.68500000000002,0.6490729558854873
0.8,1.35,0.3,C:\Users\User\Desktop\research-updates\NetworkQualityAnalysis\STM31_graph_metrics.csv,43.785,0.6220785678766783
0.8,1.35,0.6,C:\Users\User\Desktop\research-updates\NetworkQualityAnalysis\STM31_graph_metrics.csv,43.815000000000005,0.6225047950557648
0.8,1.35,0.8999999999999999,C:\Users\User\Desktop\research-updates\NetworkQualityAnalysis\STM31_graph_metrics.csv,39.375,0.5594231725509697
0.8,1.35,1.2,C:\Users\User\Desktop\research-updates\NetworkQualityAnalysis\STM31_graph_metrics.csv,45.795,0.6506357888754707
0.8,1.6,0.3,C:\Users\User\Desktop\research-updates\NetworkQualityAnalysis\STM31_graph_metrics.csv,37.495,0.5327129359948853
0.8,1.6,0.6,C:\Users\User\Desktop\research-updates\NetworkQualityAnalysis\STM31_graph_metrics.csv,38.155,0.5420899339347873
0.8,1.6,0.8999999999999999,C:\Users\User\Desktop\research-updates\NetworkQualityAnalysis\STM31_graph_metrics.csv,40.255,0.571925836470839
0.8,1.6,1.2,C:\Users\User\Desktop\research-updates\NetworkQualityAnalysis\STM31_graph_metrics.csv,41.58,0.590750870213824
1.15,1.1,0.3,C:\Users\User\Desktop\research-updates\NetworkQualityAnalysis\STM31_graph_metrics.csv,51.74000000000001,0.7350998081977697
1.15,1.1,0.6,C:\Users\User\Desktop\research-updates\NetworkQualityAnalysis\STM31_graph_metrics.csv,55.76500000000001,0.7922852880585354
1.15,1.1,0.8999999999999999,C:\Users\User\Desktop\research-updates\NetworkQualityAnalysis\STM31_graph_metrics.csv,47.46,0.6742913973147688
1.15,1.1,1.2,C:\Users\User\Desktop\research-updates\NetworkQualityAnalysis\STM31_graph_metrics.csv,42.18499999999999,0.599346451658734
1.15,1.35,0.3,C:\Users\User\Desktop\research-updates\NetworkQualityAnalysis\STM31_graph_metrics.csv,38.14000000000001,0.5418768203452442
1.15,1.35,0.6,C:\Users\User\Desktop\research-updates\NetworkQualityAnalysis\STM31_graph_metrics.csv,39.945,0.5675214889536123
1.15,1.35,0.8999999999999999,C:\Users\User\Desktop\research-updates\NetworkQualityAnalysis\STM31_graph_metrics.csv,40.36500000000001,0.5734886694608228
1.15,1.35,1.2,C:\Users\User\Desktop\research-updates\NetworkQualityAnalysis\STM31_graph_metrics.csv,33.72,0.4790793492931733
1.15,1.6,0.3,C:\Users\User\Desktop\research-updates\NetworkQualityAnalysis\STM31_graph_metrics.csv,37.38000000000001,0.5310790651417208
1.15,1.6,0.6,C:\Users\User\Desktop\research-updates\NetworkQualityAnalysis\STM31_graph_metrics.csv,43.345,0.6158272359167437
1.15,1.6,0.8999999999999999,C:\Users\User\Desktop\research-updates\NetworkQualityAnalysis\STM31_graph_metrics.csv,34.125,0.4848334162108404
1.15,1.6,1.2,C:\Users\User\Desktop\research-updates\NetworkQualityAnalysis\STM31_graph_metrics.csv,43.64000000000001,0.6200184698444273
1.5,1.1,0.3,C:\Users\User\Desktop\research-updates\NetworkQualityAnalysis\STM31_graph_metrics.csv,67.25500000000001,0.9555302976486469
1.5,1.1,0.6,C:\Users\User\Desktop\research-updates\NetworkQualityAnalysis\STM31_graph_metrics.csv,66.035,0.9381970590324644
1.5,1.1,0.8999999999999999,C:\Users\User\Desktop\research-updates\NetworkQualityAnalysis\STM31_graph_metrics.csv,65.94,0.9368473396320239
1.5,1.1,1.2,C:\Users\User\Desktop\research-updates\NetworkQualityAnalysis\STM31_graph_metrics.csv,59.43499999999999,0.8444270796334445
1.5,1.35,0.3,C:\Users\User\Desktop\research-updates\NetworkQualityAnalysis\STM31_graph_metrics.csv,56.5,0.8027278539461534
1.5,1.35,0.6,C:\Users\User\Desktop\research-updates\NetworkQualityAnalysis\STM31_graph_metrics.csv,67.795,0.963202386872203
1.5,1.35,0.8999999999999999,C:\Users\User\Desktop\research-updates\NetworkQualityAnalysis\STM31_graph_metrics.csv,70.38499999999999,1.0
1.5,1.35,1.2,C:\Users\User\Desktop\research-updates\NetworkQualityAnalysis\STM31_graph_metrics.csv,66.655,0.9470057540669178
1.5,1.6,0.3,C:\Users\User\Desktop\research-updates\NetworkQualityAnalysis\STM31_graph_metrics.csv,47.465,0.67436243517795
1.5,1.6,0.6,C:\Users\User\Desktop\research-updates\NetworkQualityAnalysis\STM31_graph_metrics.csv,43.135,0.6128436456631385
1.5,1.6,0.8999999999999999,C:\Users\User\Desktop\research-updates\NetworkQualityAnalysis\STM31_graph_metrics.csv,42.245000000000005,0.6001989060169072
1.5,1.6,1.2,C:\Users\User\Desktop\research-updates\NetworkQualityAnalysis\STM31_graph_metrics.csv,41.51500000000001,0.5898273779924702
0.8,1.1,0.3,C:\Users\User\Desktop\research-updates\NetworkQualityAnalysis\STM57_b_graph_metrics.csv,43.02000000000001,0.36340598073999003
0.8,1.1,0.6,C:\Users\User\Desktop\research-updates\NetworkQualityAnalysis\STM57_b_graph_metrics.csv,50.90666666666667,0.43002759475136576
0.8,1.1,0.8999999999999999,C:\Users\User\Desktop\research-updates\NetworkQualityAnalysis\STM57_b_graph_metrics.csv,7.806666666666672,0.06594582418201278
0.8,1.1,1.2,C:\Users\User\Desktop\research-updates\NetworkQualityAnalysis\STM57_b_graph_metrics.csv,7.046666666666663,0.05952582080306356
0.8,1.35,0.3,C:\Users\User\Desktop\research-updates\NetworkQualityAnalysis\STM57_b_graph_metrics.csv,55.180000000000014,0.4661260348031764
0.8,1.35,0.6,C:\Users\User\Desktop\research-updates\NetworkQualityAnalysis\STM57_b_graph_metrics.csv,62.01999999999999,0.5239060652137185
0.8,1.35,0.8999999999999999,C:\Users\User\Desktop\research-updates\NetworkQualityAnalysis\STM57_b_graph_metrics.csv,11.166666666666666,0.0943289970152616
0.8,1.35,1.2,C:\Users\User\Desktop\research-updates\NetworkQualityAnalysis\STM57_b_graph_metrics.csv,9.460000000000004,0.07991214732218285
0.8,1.6,0.3,C:\Users\User\Desktop\research-updates\NetworkQualityAnalysis\STM57_b_graph_metrics.csv,39.06,0.32995438418651807
0.8,1.6,0.6,C:\Users\User\Desktop\research-updates\NetworkQualityAnalysis\STM57_b_graph_metrics.csv,41.00666666666666,0.34639860336768596
0.8,1.6,0.8999999999999999,C:\Users\User\Desktop\research-updates\NetworkQualityAnalysis\STM57_b_graph_metrics.csv,10.206666666666669,0.0862195190629048
0.8,1.6,1.2,C:\Users\User\Desktop\research-updates\NetworkQualityAnalysis\STM57_b_graph_metrics.csv,9.306666666666668,0.07861688348257029
1.15,1.1,0.3,C:\Users\User\Desktop\research-updates\NetworkQualityAnalysis\STM57_b_graph_metrics.csv,79.92,0.6751140395337052
1.15,1.1,0.6,C:\Users\User\Desktop\research-updates\NetworkQualityAnalysis\STM57_b_graph_metrics.csv,87.68666666666667,0.7407219688010364
1.15,1.1,0.8999999999999999,C:\Users\User\Desktop\research-updates\NetworkQualityAnalysis\STM57_b_graph_metrics.csv,70.47999999999999,0.595370839668863
1.15,1.1,1.2,C:\Users\User\Desktop\research-updates\NetworkQualityAnalysis\STM57_b_graph_metrics.csv,17.44666666666667,0.14737849862026248
1.15,1.35,0.3,C:\Users\User\Desktop\research-updates\NetworkQualityAnalysis\STM57_b_graph_metrics.csv,45.78666666666666,0.38677704567212934
1.15,1.35,0.6,C:\Users\User\Desktop\research-updates\NetworkQualityAnalysis\STM57_b_graph_metrics.csv,50.72666666666666,0.4285070676352988
1.15,1.35,0.8999999999999999,C:\Users\User\Desktop\research-updates\NetworkQualityAnalysis\STM57_b_graph_metrics.csv,50.48666666666666,0.42647969814720954
1.15,1.35,1.2,C:\Users\User\Desktop\research-updates\NetworkQualityAnalysis\STM57_b_graph_metrics.csv,9.226666666666665,0.07794109365320719
1.15,1.6,0.3,C:\Users\User\Desktop\research-updates\NetworkQualityAnalysis\STM57_b_graph_metrics.csv,43.70666666666667,0.3692065101086896
1.15,1.6,0.6,C:\Users\User\Desktop\research-updates\NetworkQualityAnalysis\STM57_b_graph_metrics.csv,58.72666666666667,0.49608605057160565
1.15,1.6,0.8999999999999999,C:\Users\User\Desktop\research-updates\NetworkQualityAnalysis\STM57_b_graph_metrics.csv,30.166666666666668,0.2548290814889903
1.15,1.6,1.2,C:\Users\User\Desktop\research-updates\NetworkQualityAnalysis\STM57_b_graph_metrics.csv,18.186666666666667,0.15362955454187086
1.5,1.1,0.3,C:\Users\User\Desktop\research-updates\NetworkQualityAnalysis\STM57_b_graph_metrics.csv,112.20666666666666,0.9478515515008167
1.5,1.1,0.6,C:\Users\User\Desktop\research-updates\NetworkQualityAnalysis\STM57_b_graph_metrics.csv,110.04666666666668,0.929605226108014
1.5,1.1,0.8999999999999999,C:\Users\User\Desktop\research-updates\NetworkQualityAnalysis\STM57_b_graph_metrics.csv,108.98666666666666,0.9206510108689532
1.5,1.1,1.2,C:\Users\User\Desktop\research-updates\NetworkQualityAnalysis\STM57_b_graph_metrics.csv,96.44666666666666,0.8147209551162923
1.5,1.35,0.3,C:\Users\User\Desktop\research-updates\NetworkQualityAnalysis\STM57_b_graph_metrics.csv,90.0,0.7602635580334517
1.5,1.35,0.6,C:\Users\User\Desktop\research-updates\NetworkQualityAnalysis\STM57_b_graph_metrics.csv,113.46,0.9584389254941714
1.5,1.35,0.8999999999999999,C:\Users\User\Desktop\research-updates\NetworkQualityAnalysis\STM57_b_graph_metrics.csv,118.37999999999998,1.0
1.5,1.35,1.2,C:\Users\User\Desktop\research-updates\NetworkQualityAnalysis\STM57_b_graph_metrics.csv,110.34,0.9320831221490118
1.5,1.6,0.3,C:\Users\User\Desktop\research-updates\NetworkQualityAnalysis\STM57_b_graph_metrics.csv,70.88666666666666,0.5988061046347919
1.5,1.6,0.6,C:\Users\User\Desktop\research-updates\NetworkQualityAnalysis\STM57_b_graph_metrics.csv,60.04666666666665,0.5072365827560962
1.5,1.6,0.8999999999999999,C:\Users\User\Desktop\research-updates\NetworkQualityAnalysis\STM57_b_graph_metrics.csv,57.92666666666668,0.48932815227797505
1.5,1.6,1.2,C:\Users\User\Desktop\research-updates\NetworkQualityAnalysis\STM57_b_graph_metrics.csv,56.68666666666666,0.47885340992284736
0.8,1.1,0.3,C:\Users\User\Desktop\research-updates\NetworkQualityAnalysis\STM57_c_graph_metrics.csv,94.765,0.6963662416871809
0.8,1.1,0.6,C:\Users\User\Desktop\research-updates\NetworkQualityAnalysis\STM57_c_graph_metrics.csv,109.78,0.8067016937943199
0.8,1.1,0.8999999999999999,C:\Users\User\Desktop\research-updates\NetworkQualityAnalysis\STM57_c_graph_metrics.csv,61.555000000000014,0.4523275893742883
0.8,1.1,1.2,C:\Users\User\Desktop\research-updates\NetworkQualityAnalysis\STM57_c_graph_metrics.csv,55.98499999999999,0.41139728845941875
0.8,1.35,0.3,C:\Users\User\Desktop\research-updates\NetworkQualityAnalysis\STM57_c_graph_metrics.csv,113.085,0.8309879854502701
0.8,1.35,0.6,C:\Users\User\Desktop\research-updates\NetworkQualityAnalysis\STM57_c_graph_metrics.csv,101.415,0.745232758937429
0.8,1.35,0.8999999999999999,C:\Users\User\Desktop\research-updates\NetworkQualityAnalysis\STM57_c_graph_metrics.csv,69.875,0.5134658485505383
0.8,1.35,1.2,C:\Users\User\Desktop\research-updates\NetworkQualityAnalysis\STM57_c_graph_metrics.csv,64.69500000000001,0.47540140353455573
0.8,1.6,0.3,C:\Users\User\Desktop\research-updates\NetworkQualityAnalysis\STM57_c_graph_metrics.csv,95.39499999999998,0.7009957012161516
0.8,1.6,0.6,C:\Users\User\Desktop\research-updates\NetworkQualityAnalysis\STM57_c_graph_metrics.csv,97.45499999999998,0.7161332990410405
0.8,1.6,0.8999999999999999,C:\Users\User\Desktop\research-updates\NetworkQualityAnalysis\STM57_c_graph_metrics.csv,67.955,0.4993570195098652
0.8,1.6,1.2,C:\Users\User\Desktop\research-updates\NetworkQualityAnalysis\STM57_c_graph_metrics.csv,65.78,0.48337436161222774
1.15,1.1,0.3,C:\Users\User\Desktop\research-updates\NetworkQualityAnalysis\STM57_c_graph_metrics.csv,103.34,0.7593783297203954
1.15,1.1,0.6,C:\Users\User\Desktop\research-updates\NetworkQualityAnalysis\STM57_c_graph_metrics.csv,104.265,0.7661755520446781
1.15,1.1,0.8999999999999999,C:\Users\User\Desktop\research-updates\NetworkQualityAnalysis\STM57_c_graph_metrics.csv,96.66,0.7102913620163869
1.15,1.1,1.2,C:\Users\User\Desktop\research-updates\NetworkQualityAnalysis\STM57_c_graph_metrics.csv,82.88500000000002,0.6090678619980162
1.15,1.35,0.3,C:\Users\User\Desktop\research-updates\NetworkQualityAnalysis\STM57_c_graph_metrics.csv,93.73999999999998,0.6888341845170297
1.15,1.35,0.6,C:\Users\User\Desktop\research-updates\NetworkQualityAnalysis\STM57_c_graph_metrics.csv,98.245,0.721938494323401
1.15,1.35,0.8999999999999999,C:\Users\User\Desktop\research-updates\NetworkQualityAnalysis\STM57_c_graph_metrics.csv,101.36499999999998,0.7448653415144946
1.15,1.35,1.2,C:\Users\User\Desktop\research-updates\NetworkQualityAnalysis\STM57_c_graph_metrics.csv,60.31999999999999,0.4432523790278135
1.15,1.6,0.3,C:\Users\User\Desktop\research-updates\NetworkQualityAnalysis\STM57_c_graph_metrics.csv,91.58,0.6729617518462726
1.15,1.6,0.6,C:\Users\User\Desktop\research-updates\NetworkQualityAnalysis\STM57_c_graph_metrics.csv,107.445,0.7895433001432929
1.15,1.6,0.8999999999999999,C:\Users\User\Desktop\research-updates\NetworkQualityAnalysis\STM57_c_graph_metrics.csv,83.125,0.6108314656281002
1.15,1.6,1.2,C:\Users\User\Desktop\research-updates\NetworkQualityAnalysis\STM57_c_graph_metrics.csv,84.64,0.6219642135430064
1.5,1.1,0.3,C:\Users\User\Desktop\research-updates\NetworkQualityAnalysis\STM57_c_graph_metrics.csv,130.95499999999998,0.9623029724069516
1.5,1.1,0.6,C:\Users\User\Desktop\research-updates\NetworkQualityAnalysis\STM57_c_graph_metrics.csv,134.035,0.9849358856596981
1.5,1.1,0.8999999999999999,C:\Users\User\Desktop\research-updates\NetworkQualityAnalysis\STM57_c_graph_metrics.csv,123.33999999999996,0.9063452988940734
1.5,1.1,1.2,C:\Users\User\Desktop\research-updates\NetworkQualityAnalysis\STM57_c_graph_metrics.csv,118.635,0.871771319395966
1.5,1.35,0.3,C:\Users\User\Desktop\research-updates\NetworkQualityAnalysis\STM57_c_graph_metrics.csv,110.5,0.8119925046845723
1.5,1.35,0.6,C:\Users\User\Desktop\research-updates\NetworkQualityAnalysis\STM57_c_graph_metrics.csv,134.695,0.9897857956424294
1.5,1.35,0.8999999999999999,C:\Users\User\Desktop\research-updates\NetworkQualityAnalysis\STM57_c_graph_metrics.csv,136.08499999999998,1.0
1.5,1.35,1.2,C:\Users\User\Desktop\research-updates\NetworkQualityAnalysis\STM57_c_graph_metrics.csv,123.955,0.9108645331961643
1.5,1.6,0.3,C:\Users\User\Desktop\research-updates\NetworkQualityAnalysis\STM57_c_graph_metrics.csv,104.065,0.7647058823529412
1.5,1.6,0.6,C:\Users\User\Desktop\research-updates\NetworkQualityAnalysis\STM57_c_graph_metrics.csv,101.83499999999998,0.748319065290076
1.5,1.6,0.8999999999999999,C:\Users\User\Desktop\research-updates\NetworkQualityAnalysis\STM57_c_graph_metrics.csv,85.345,0.6271447992063784
1.5,1.6,1.2,C:\Users\User\Desktop\research-updates\NetworkQualityAnalysis\STM57_c_graph_metrics.csv,93.015,0.683506631884484
0.8,1.1,0.3,C:\Users\User\Desktop\research-updates\NetworkQualityAnalysis\STM57_graph_metrics.csv,36.15333333333332,0.4934934934934933
0.8,1.1,0.6,C:\Users\User\Desktop\research-updates\NetworkQualityAnalysis\STM57_graph_metrics.csv,43.173333333333325,0.5893165893165891
0.8,1.1,0.8999999999999999,C:\Users\User\Desktop\research-updates\NetworkQualityAnalysis\STM57_graph_metrics.csv,64.07333333333334,0.8746018746018746
0.8,1.1,1.2,C:\Users\User\Desktop\research-updates\NetworkQualityAnalysis\STM57_graph_metrics.csv,73.0466666666667,0.9970879970879974
0.8,1.35,0.3,C:\Users\User\Desktop\research-updates\NetworkQualityAnalysis\STM57_graph_metrics.csv,43.580000000000005,0.5948675948675949
0.8,1.35,0.6,C:\Users\User\Desktop\research-updates\NetworkQualityAnalysis\STM57_graph_metrics.csv,35.82,0.48894348894348894
0.8,1.35,0.8999999999999999,C:\Users\User\Desktop\research-updates\NetworkQualityAnalysis\STM57_graph_metrics.csv,59.16666666666666,0.8076258076258075
0.8,1.35,1.2,C:\Users\User\Desktop\research-updates\NetworkQualityAnalysis\STM57_graph_metrics.csv,73.26,1.0
0.8,1.6,0.3,C:\Users\User\Desktop\research-updates\NetworkQualityAnalysis\STM57_graph_metrics.csv,38.79333333333333,0.5295295295295295
0.8,1.6,0.6,C:\Users\User\Desktop\research-updates\NetworkQualityAnalysis\STM57_graph_metrics.csv,39.14000000000001,0.5342615342615343
0.8,1.6,0.8999999999999999,C:\Users\User\Desktop\research-updates\NetworkQualityAnalysis\STM57_graph_metrics.csv,61.40666666666666,0.838201838201838
0.8,1.6,1.2,C:\Users\User\Desktop\research-updates\NetworkQualityAnalysis\STM57_graph_metrics.csv,64.50666666666666,0.8805168805168804
1.15,1.1,0.3,C:\Users\User\Desktop\research-updates\NetworkQualityAnalysis\STM57_graph_metrics.csv,39.38666666666667,0.5376285376285377
1.15,1.1,0.6,C:\Users\User\Desktop\research-updates\NetworkQualityAnalysis\STM57_graph_metrics.csv,42.22000000000001,0.5763035763035764
1.15,1.1,0.8999999999999999,C:\Users\User\Desktop\research-updates\NetworkQualityAnalysis\STM57_graph_metrics.csv,36.07999999999999,0.49249249249249233
1.15,1.1,1.2,C:\Users\User\Desktop\research-updates\NetworkQualityAnalysis\STM57_graph_metrics.csv,63.11333333333332,0.8614978614978613
1.15,1.35,0.3,C:\Users\User\Desktop\research-updates\NetworkQualityAnalysis\STM57_graph_metrics.csv,34.586666666666666,0.47210847210847207
1.15,1.35,0.6,C:\Users\User\Desktop\research-updates\NetworkQualityAnalysis\STM57_graph_metrics.csv,35.593333333333334,0.48584948584948584
1.15,1.35,0.8999999999999999,C:\Users\User\Desktop\research-updates\NetworkQualityAnalysis\STM57_graph_metrics.csv,37.35333333333335,0.5098735098735101
1.15,1.35,1.2,C:\Users\User\Desktop\research-updates\NetworkQualityAnalysis\STM57_graph_metrics.csv,46.42666666666667,0.6337246337246337
1.15,1.6,0.3,C:\Users\User\Desktop\research-updates\NetworkQualityAnalysis\STM57_graph_metrics.csv,34.10666666666667,0.46555646555646557
1.15,1.6,0.6,C:\Users\User\Desktop\research-updates\NetworkQualityAnalysis\STM57_graph_metrics.csv,38.66,0.5277095277095276
1.15,1.6,0.8999999999999999,C:\Users\User\Desktop\research-updates\NetworkQualityAnalysis\STM57_graph_metrics.csv,35.833333333333336,0.48912548912548914
1.15,1.6,1.2,C:\Users\User\Desktop\research-updates\NetworkQualityAnalysis\STM57_graph_metrics.csv,66.05333333333336,0.9016289016289019
1.5,1.1,0.3,C:\Users\User\Desktop\research-updates\NetworkQualityAnalysis\STM57_graph_metrics.csv,53.60666666666668,0.7317317317317319
1.5,1.1,0.6,C:\Users\User\Desktop\research-updates\NetworkQualityAnalysis\STM57_graph_metrics.csv,53.31333333333333,0.7277277277277276
1.5,1.1,0.8999999999999999,C:\Users\User\Desktop\research-updates\NetworkQualityAnalysis\STM57_graph_metrics.csv,51.653333333333336,0.705068705068705
1.5,1.1,1.2,C:\Users\User\Desktop\research-updates\NetworkQualityAnalysis\STM57_graph_metrics.csv,46.38,0.633087633087633
1.5,1.35,0.3,C:\Users\User\Desktop\research-updates\NetworkQualityAnalysis\STM57_graph_metrics.csv,43.333333333333336,0.5915005915005915
1.5,1.35,0.6,C:\Users\User\Desktop\research-updates\NetworkQualityAnalysis\STM57_graph_metrics.csv,54.59333333333333,0.7451997451997451
1.5,1.35,0.8999999999999999,C:\Users\User\Desktop\research-updates\NetworkQualityAnalysis\STM57_graph_metrics.csv,56.646666666666654,0.773227773227773
1.5,1.35,1.2,C:\Users\User\Desktop\research-updates\NetworkQualityAnalysis\STM57_graph_metrics.csv,52.27333333333332,0.7135317135317133
1.5,1.6,0.3,C:\Users\User\Desktop\research-updates\NetworkQualityAnalysis\STM57_graph_metrics.csv,37.35333333333334,0.5098735098735099
1.5,1.6,0.6,C:\Users\User\Desktop\research-updates\NetworkQualityAnalysis\STM57_graph_metrics.csv,35.98,0.49112749112749104
1.5,1.6,0.8999999999999999,C:\Users\User\Desktop\research-updates\NetworkQualityAnalysis\STM57_graph_metrics.csv,32.193333333333335,0.4394394394394394
1.5,1.6,1.2,C:\Users\User\Desktop\research-updates\NetworkQualityAnalysis\STM57_graph_metrics.csv,33.22000000000001,0.4534534534534536
0.8,1.1,0.3,C:\Users\User\Desktop\research-updates\NetworkQualityAnalysis\STM79_graph_metrics.csv,64.41999999999997,0.6456203648025651
0.8,1.1,0.6,C:\Users\User\Desktop\research-updates\NetworkQualityAnalysis\STM79_graph_metrics.csv,70.57333333333332,0.7072893699472168
0.8,1.1,0.8999999999999999,C:\Users\User\Desktop\research-updates\NetworkQualityAnalysis\STM79_graph_metrics.csv,90.67333333333332,0.9087325449321836
0.8,1.1,1.2,C:\Users\User\Desktop\research-updates\NetworkQualityAnalysis\STM79_graph_metrics.csv,99.78000000000004,1.0
0.8,1.35,0.3,C:\Users\User\Desktop\research-updates\NetworkQualityAnalysis\STM79_graph_metrics.csv,71.11333333333333,0.7127012761408429
0.8,1.35,0.6,C:\Users\User\Desktop\research-updates\NetworkQualityAnalysis\STM79_graph_metrics.csv,65.55333333333334,0.6569786864435089
0.8,1.35,0.8999999999999999,C:\Users\User\Desktop\research-updates\NetworkQualityAnalysis\STM79_graph_metrics.csv,85.5,0.8568851473241127
0.8,1.35,1.2,C:\Users\User\Desktop\research-updates\NetworkQualityAnalysis\STM79_graph_metrics.csv,99.39333333333332,0.9961248079107363
0.8,1.6,0.3,C:\Users\User\Desktop\research-updates\NetworkQualityAnalysis\STM79_graph_metrics.csv,66.46,0.6660653437562635
0.8,1.6,0.6,C:\Users\User\Desktop\research-updates\NetworkQualityAnalysis\STM79_graph_metrics.csv,66.80666666666667,0.669539653905258
0.8,1.6,0.8999999999999999,C:\Users\User\Desktop\research-updates\NetworkQualityAnalysis\STM79_graph_metrics.csv,87.74,0.8793345359791537
0.8,1.6,1.2,C:\Users\User\Desktop\research-updates\NetworkQualityAnalysis\STM79_graph_metrics.csv,90.84,0.9104028863499696
1.15,1.1,0.3,C:\Users\User\Desktop\research-updates\NetworkQualityAnalysis\STM79_graph_metrics.csv,70.78666666666668,0.7094274069619828
1.15,1.1,0.6,C:\Users\User\Desktop\research-updates\NetworkQualityAnalysis\STM79_graph_metrics.csv,74.28666666666668,0.7445045767354845
1.15,1.1,0.8999999999999999,C:\Users\User\Desktop\research-updates\NetworkQualityAnalysis\STM79_graph_metrics.csv,67.21333333333332,0.6736152869646552
1.15,1.1,1.2,C:\Users\User\Desktop\research-updates\NetworkQualityAnalysis\STM79_graph_metrics.csv,88.71333333333331,0.8890893298590226
1.15,1.35,0.3,C:\Users\User\Desktop\research-updates\NetworkQualityAnalysis\STM79_graph_metrics.csv,63.320000000000014,0.6345961114451792
1.15,1.35,0.6,C:\Users\User\Desktop\research-updates\NetworkQualityAnalysis\STM79_graph_metrics.csv,64.39333333333333,0.6453531101757196
1.15,1.35,0.8999999999999999,C:\Users\User\Desktop\research-updates\NetworkQualityAnalysis\STM79_graph_metrics.csv,65.75333333333334,0.6589830961448518
1.15,1.35,1.2,C:\Users\User\Desktop\research-updates\NetworkQualityAnalysis\STM79_graph_metrics.csv,73.96,0.7412307075566242
1.15,1.6,0.3,C:\Users\User\Desktop\research-updates\NetworkQualityAnalysis\STM79_graph_metrics.csv,62.84000000000001,0.6297855281619561
1.15,1.6,0.6,C:\Users\User\Desktop\research-updates\NetworkQualityAnalysis\STM79_graph_metrics.csv,67.32666666666667,0.6747511191287496
1.15,1.6,0.8999999999999999,C:\Users\User\Desktop\research-updates\NetworkQualityAnalysis\STM79_graph_metrics.csv,63.833333333333336,0.6397407630119594
1.15,1.6,1.2,C:\Users\User\Desktop\research-updates\NetworkQualityAnalysis\STM79_graph_metrics.csv,91.45333333333336,0.9165497427674215
1.5,1.1,0.3,C:\Users\User\Desktop\research-updates\NetworkQualityAnalysis\STM79_graph_metrics.csv,85.34000000000002,0.8552816195630385
1.5,1.1,0.6,C:\Users\User\Desktop\research-updates\NetworkQualityAnalysis\STM79_graph_metrics.csv,84.51333333333334,0.8469967261308208
1.5,1.1,0.8999999999999999,C:\Users\User\Desktop\research-updates\NetworkQualityAnalysis\STM79_graph_metrics.csv,83.85333333333334,0.840382174116389
1.5,1.1,1.2,C:\Users\User\Desktop\research-updates\NetworkQualityAnalysis\STM79_graph_metrics.csv,77.84666666666665,0.7801830694193889
1.5,1.35,0.3,C:\Users\User\Desktop\research-updates\NetworkQualityAnalysis\STM79_graph_metrics.csv,75.0,0.7516536380036076
1.5,1.35,0.6,C:\Users\User\Desktop\research-updates\NetworkQualityAnalysis\STM79_graph_metrics.csv,86.06,0.8624974944878729
1.5,1.35,0.8999999999999999,C:\Users\User\Desktop\research-updates\NetworkQualityAnalysis\STM79_graph_metrics.csv,88.44666666666666,0.8864167835905654
1.5,1.35,1.2,C:\Users\User\Desktop\research-updates\NetworkQualityAnalysis\STM79_graph_metrics.csv,84.53999999999999,0.8472639807576664
1.5,1.6,0.3,C:\Users\User\Desktop\research-updates\NetworkQualityAnalysis\STM79_graph_metrics.csv,67.75333333333334,0.6790271931582814
1.5,1.6,0.6,C:\Users\User\Desktop\research-updates\NetworkQualityAnalysis\STM79_graph_metrics.csv,65.44666666666667,0.6559096679361259
1.5,1.6,0.8999999999999999,C:\Users\User\Desktop\research-updates\NetworkQualityAnalysis\STM79_graph_metrics.csv,63.193333333333335,0.6333266519676619
1.5,1.6,1.2,C:\Users\User\Desktop\research-updates\NetworkQualityAnalysis\STM79_graph_metrics.csv,63.28666666666668,0.6342620431616222
0.8,1.1,0.3,C:\Users\User\Desktop\research-updates\NetworkQualityAnalysis\STM86_graph_metrics.csv,420.0866666666666,0.6961454754355535
0.8,1.1,0.6,C:\Users\User\Desktop\research-updates\NetworkQualityAnalysis\STM86_graph_metrics.csv,434.9066666666667,0.7207043980688712
0.8,1.1,0.8999999999999999,C:\Users\User\Desktop\research-updates\NetworkQualityAnalysis\STM86_graph_metrics.csv,247.00666666666663,0.40932642487046633
0.8,1.1,1.2,C:\Users\User\Desktop\research-updates\NetworkQualityAnalysis\STM86_graph_metrics.csv,222.78,0.3691792701923396
0.8,1.35,0.3,C:\Users\User\Desktop\research-updates\NetworkQualityAnalysis\STM86_graph_metrics.csv,447.4466666666667,0.7414850249124475
0.8,1.35,0.6,C:\Users\User\Desktop\research-updates\NetworkQualityAnalysis\STM86_graph_metrics.csv,475.8866666666668,0.78861429344764
0.8,1.35,0.8999999999999999,C:\Users\User\Desktop\research-updates\NetworkQualityAnalysis\STM86_graph_metrics.csv,271.1666666666667,0.449363103063513
0.8,1.35,1.2,C:\Users\User\Desktop\research-updates\NetworkQualityAnalysis\STM86_graph_metrics.csv,233.7266666666667,0.3873195090425004
0.8,1.6,0.3,C:\Users\User\Desktop\research-updates\NetworkQualityAnalysis\STM86_graph_metrics.csv,404.1266666666667,0.6696974049073656
0.8,1.6,0.6,C:\Users\User\Desktop\research-updates\NetworkQualityAnalysis\STM86_graph_metrics.csv,409.8066666666666,0.6791100014361943
0.8,1.6,0.8999999999999999,C:\Users\User\Desktop\research-updates\NetworkQualityAnalysis\STM86_graph_metrics.csv,262.74,0.43539887534938193
0.8,1.6,1.2,C:\Users\User\Desktop\research-updates\NetworkQualityAnalysis\STM86_graph_metrics.csv,252.5066666666667,0.41844073488957884
1.15,1.1,0.3,C:\Users\User\Desktop\research-updates\NetworkQualityAnalysis\STM86_graph_metrics.csv,517.7866666666667,0.8580487643205146
1.15,1.1,0.6,C:\Users\User\Desktop\research-updates\NetworkQualityAnalysis\STM86_graph_metrics.csv,533.2866666666666,0.8837345471016494
1.15,1.1,0.8999999999999999,C:\Users\User\Desktop\research-updates\NetworkQualityAnalysis\STM86_graph_metrics.csv,495.5466666666666,0.8211938088977762
1.15,1.1,1.2,C:\Users\User\Desktop\research-updates\NetworkQualityAnalysis\STM86_graph_metrics.csv,287.0466666666667,0.4756786018096049
1.15,1.35,0.3,C:\Users\User\Desktop\research-updates\NetworkQualityAnalysis\STM86_graph_metrics.csv,430.32,0.7131036158953568
1.15,1.35,0.6,C:\Users\User\Desktop\research-updates\NetworkQualityAnalysis\STM86_graph_metrics.csv,444.06,0.7358728194703759
1.15,1.35,0.8999999999999999,C:\Users\User\Desktop\research-updates\NetworkQualityAnalysis\STM86_graph_metrics.csv,441.42,0.7314979506612018
1.15,1.35,1.2,C:\Users\User\Desktop\research-updates\NetworkQualityAnalysis\STM86_graph_metrics.csv,287.62666666666667,0.4766397472298022
1.15,1.6,0.3,C:\Users\User\Desktop\research-updates\NetworkQualityAnalysis\STM86_graph_metrics.csv,424.50666666666666,0.7034700663963676
1.15,1.6,0.6,C:\Users\User\Desktop\research-updates\NetworkQualityAnalysis\STM86_graph_metrics.csv,464.3266666666666,0.7694576709347415
1.15,1.6,0.8999999999999999,C:\Users\User\Desktop\research-updates\NetworkQualityAnalysis\STM86_graph_metrics.csv,379.5,0.6288873913187578
1.15,1.6,1.2,C:\Users\User\Desktop\research-updates\NetworkQualityAnalysis\STM86_graph_metrics.csv,283.78666666666663,0.47027630168918544
1.5,1.1,0.3,C:\Users\User\Desktop\research-updates\NetworkQualityAnalysis\STM86_graph_metrics.csv,590.34,0.9782803230332425
1.5,1.1,0.6,C:\Users\User\Desktop\research-updates\NetworkQualityAnalysis\STM86_graph_metrics.csv,586.8466666666667,0.9724913552150426
1.5,1.1,0.8999999999999999,C:\Users\User\Desktop\research-updates\NetworkQualityAnalysis\STM86_graph_metrics.csv,581.52,0.9636642840571386
1.5,1.1,1.2,C:\Users\User\Desktop\research-updates\NetworkQualityAnalysis\STM86_graph_metrics.csv,556.18,0.9216721720781732
1.5,1.35,0.3,C:\Users\User\Desktop\research-updates\NetworkQualityAnalysis\STM86_graph_metrics.csv,540.6666666666666,0.8959642940000221
1.5,1.35,0.6,C:\Users\User\Desktop\research-updates\NetworkQualityAnalysis\STM86_graph_metrics.csv,593.7266666666667,0.9838925284753142
1.5,1.35,0.8999999999999999,C:\Users\User\Desktop\research-updates\NetworkQualityAnalysis\STM86_graph_metrics.csv,603.4466666666666,1.0
1.5,1.35,1.2,C:\Users\User\Desktop\research-updates\NetworkQualityAnalysis\STM86_graph_metrics.csv,584.2066666666666,0.9681164864058684
1.5,1.6,0.3,C:\Users\User\Desktop\research-updates\NetworkQualityAnalysis\STM86_graph_metrics.csv,498.0866666666668,0.8254029629793301
1.5,1.6,0.6,C:\Users\User\Desktop\research-updates\NetworkQualityAnalysis\STM86_graph_metrics.csv,470.44666666666666,0.7795994122650994
1.5,1.6,0.8999999999999999,C:\Users\User\Desktop\research-updates\NetworkQualityAnalysis\STM86_graph_metrics.csv,463.5266666666666,0.7681319531137797
1.5,1.6,1.2,C:\Users\User\Desktop\research-updates\NetworkQualityAnalysis\STM86_graph_metrics.csv,462.2866666666666,0.7660770904912889
0.8,1.1,0.3,C:\Users\User\Desktop\research-updates\NetworkQualityAnalysis\TestForSkeletonization_2_graph_metrics.csv,656.8650000000001,0.8598440966836186
0.8,1.1,0.6,C:\Users\User\Desktop\research-updates\NetworkQualityAnalysis\TestForSkeletonization_2_graph_metrics.csv,679.03,0.8888583452780668
0.8,1.1,0.8999999999999999,C:\Users\User\Desktop\research-updates\NetworkQualityAnalysis\TestForSkeletonization_2_graph_metrics.csv,532.105,0.6965317729911576
0.8,1.1,1.2,C:\Users\User\Desktop\research-updates\NetworkQualityAnalysis\TestForSkeletonization_2_graph_metrics.csv,509.8349999999999,0.6673800781480099
0.8,1.35,0.3,C:\Users\User\Desktop\research-updates\NetworkQualityAnalysis\TestForSkeletonization_2_graph_metrics.csv,687.735,0.9002532938011742
0.8,1.35,0.6,C:\Users\User\Desktop\research-updates\NetworkQualityAnalysis\TestForSkeletonization_2_graph_metrics.csv,685.215,0.8969545838323942
0.8,1.35,0.8999999999999999,C:\Users\User\Desktop\research-updates\NetworkQualityAnalysis\TestForSkeletonization_2_graph_metrics.csv,555.625,0.7273197326997717
0.8,1.35,1.2,C:\Users\User\Desktop\research-updates\NetworkQualityAnalysis\TestForSkeletonization_2_graph_metrics.csv,526.095,0.6886646115179957
0.8,1.6,0.3,C:\Users\User\Desktop\research-updates\NetworkQualityAnalysis\TestForSkeletonization_2_graph_metrics.csv,650.7450000000001,0.8518329439022956
0.8,1.6,0.6,C:\Users\User\Desktop\research-updates\NetworkQualityAnalysis\TestForSkeletonization_2_graph_metrics.csv,655.405,0.8579329393207538
0.8,1.6,0.8999999999999999,C:\Users\User\Desktop\research-updates\NetworkQualityAnalysis\TestForSkeletonization_2_graph_metrics.csv,548.505,0.7179995680260756
0.8,1.6,1.2,C:\Users\User\Desktop\research-updates\NetworkQualityAnalysis\TestForSkeletonization_2_graph_metrics.csv,539.83,0.7066438898597395
1.15,1.1,0.3,C:\Users\User\Desktop\research-updates\NetworkQualityAnalysis\TestForSkeletonization_2_graph_metrics.csv,699.39,0.915509827406782
1.15,1.1,0.6,C:\Users\User\Desktop\research-updates\NetworkQualityAnalysis\TestForSkeletonization_2_graph_metrics.csv,703.915,0.92143310621977
1.15,1.1,0.8999999999999999,C:\Users\User\Desktop\research-updates\NetworkQualityAnalysis\TestForSkeletonization_2_graph_metrics.csv,684.51,0.8960317304482712
1.15,1.1,1.2,C:\Users\User\Desktop\research-updates\NetworkQualityAnalysis\TestForSkeletonization_2_graph_metrics.csv,577.2850000000001,0.7556729302885719
1.15,1.35,0.3,C:\Users\User\Desktop\research-updates\NetworkQualityAnalysis\TestForSkeletonization_2_graph_metrics.csv,659.79,0.8636729564688095
1.15,1.35,0.6,C:\Users\User\Desktop\research-updates\NetworkQualityAnalysis\TestForSkeletonization_2_graph_metrics.csv,670.2450000000001,0.8773586758035699
1.15,1.35,0.8999999999999999,C:\Users\User\Desktop\research-updates\NetworkQualityAnalysis\TestForSkeletonization_2_graph_metrics.csv,672.765,0.8806573857723498
1.15,1.35,1.2,C:\Users\User\Desktop\research-updates\NetworkQualityAnalysis\TestForSkeletonization_2_graph_metrics.csv,555.67,0.7273786382349283
1.15,1.6,0.3,C:\Users\User\Desktop\research-updates\NetworkQualityAnalysis\TestForSkeletonization_2_graph_metrics.csv,655.03,0.8574420598611139
1.15,1.6,0.6,C:\Users\User\Desktop\research-updates\NetworkQualityAnalysis\TestForSkeletonization_2_graph_metrics.csv,688.3449999999999,0.9010517910555217
1.15,1.6,0.8999999999999999,C:\Users\User\Desktop\research-updates\NetworkQualityAnalysis\TestForSkeletonization_2_graph_metrics.csv,626.625,0.8202595770582576
1.15,1.6,1.2,C:\Users\User\Desktop\research-updates\NetworkQualityAnalysis\TestForSkeletonization_2_graph_metrics.csv,576.79,0.755024969401847
1.5,1.1,0.3,C:\Users\User\Desktop\research-updates\NetworkQualityAnalysis\TestForSkeletonization_2_graph_metrics.csv,754.155,0.9871978636925917
1.5,1.1,0.6,C:\Users\User\Desktop\research-updates\NetworkQualityAnalysis\TestForSkeletonization_2_graph_metrics.csv,757.7350000000001,0.9918841262672874
1.5,1.1,0.8999999999999999,C:\Users\User\Desktop\research-updates\NetworkQualityAnalysis\TestForSkeletonization_2_graph_metrics.csv,741.3899999999999,0.9704883268864497
1.5,1.1,1.2,C:\Users\User\Desktop\research-updates\NetworkQualityAnalysis\TestForSkeletonization_2_graph_metrics.csv,729.735,0.9552317932808421
1.5,1.35,0.3,C:\Users\User\Desktop\research-updates\NetworkQualityAnalysis\TestForSkeletonization_2_graph_metrics.csv,714.75,0.935616250073632
1.5,1.35,0.6,C:\Users\User\Desktop\research-updates\NetworkQualityAnalysis\TestForSkeletonization_2_graph_metrics.csv,760.095,0.9949733943332876
1.5,1.35,0.8999999999999999,C:\Users\User\Desktop\research-updates\NetworkQualityAnalysis\TestForSkeletonization_2_graph_metrics.csv,763.935,1.0
1.5,1.35,1.2,C:\Users\User\Desktop\research-updates\NetworkQualityAnalysis\TestForSkeletonization_2_graph_metrics.csv,742.755,0.972275128119539
1.5,1.6,0.3,C:\Users\User\Desktop\research-updates\NetworkQualityAnalysis\TestForSkeletonization_2_graph_metrics.csv,695.365,0.9102410545399806
1.5,1.6,0.6,C:\Users\User\Desktop\research-updates\NetworkQualityAnalysis\TestForSkeletonization_2_graph_metrics.csv,683.935,0.8952790486101566
1.5,1.6,0.8999999999999999,C:\Users\User\Desktop\research-updates\NetworkQualityAnalysis\TestForSkeletonization_2_graph_metrics.csv,659.9949999999999,0.863941303906746
1.5,1.6,1.2,C:\Users\User\Desktop\research-updates\NetworkQualityAnalysis\TestForSkeletonization_2_graph_metrics.csv,670.165,0.8772539548521798
