Diffusion Energy,Rotation Energy,Coupling Energy,Comparison File,Radius Similarity Score
0.8,1.1,0.3,C:\Users\User\Desktop\research-updates\NetworkQualityAnalysis\STM02_graph_metrics.csv,17.52274498636888
0.8,1.1,0.3,C:\Users\User\Desktop\research-updates\NetworkQualityAnalysis\STM114_graph_metrics.csv,28.952285262928434
0.8,1.1,0.3,C:\Users\User\Desktop\research-updates\NetworkQualityAnalysis\STM123_graph_metrics.csv,10.868802048745284
0.8,1.1,0.3,C:\Users\User\Desktop\research-updates\NetworkQualityAnalysis\STM131_graph_metrics.csv,32.30057166597932
0.8,1.1,0.3,C:\Users\User\Desktop\research-updates\NetworkQualityAnalysis\STM194_graph_metrics.csv,23.930603616633668
0.8,1.1,0.3,C:\Users\User\Desktop\research-updates\NetworkQualityAnalysis\STM20_graph_metrics.csv,19.793433374507323
0.8,1.1,0.3,C:\Users\User\Desktop\research-updates\NetworkQualityAnalysis\STM31_graph_metrics.csv,12.684251774004037
0.8,1.1,0.3,C:\Users\User\Desktop\research-updates\NetworkQualityAnalysis\STM57_b_graph_metrics.csv,13.093174992575248
0.8,1.1,0.3,C:\Users\User\Desktop\research-updates\NetworkQualityAnalysis\STM57_c_graph_metrics.csv,15.103020097704162
0.8,1.1,0.3,C:\Users\User\Desktop\research-updates\NetworkQualityAnalysis\STM57_graph_metrics.csv,13.725792627940644
0.8,1.1,0.3,C:\Users\User\Desktop\research-updates\NetworkQualityAnalysis\STM79_graph_metrics.csv,17.556615563759433
0.8,1.1,0.3,C:\Users\User\Desktop\research-updates\NetworkQualityAnalysis\STM86_graph_metrics.csv,32.93339799247629
0.8,1.1,0.3,C:\Users\User\Desktop\research-updates\NetworkQualityAnalysis\TestForSkeletonization_2_graph_metrics.csv,107.15614993387838
0.8,1.1,0.6,C:\Users\User\Desktop\research-updates\NetworkQualityAnalysis\STM02_graph_metrics.csv,17.527631995229306
0.8,1.1,0.6,C:\Users\User\Desktop\research-updates\NetworkQualityAnalysis\STM114_graph_metrics.csv,28.95717227178886
0.8,1.1,0.6,C:\Users\User\Desktop\research-updates\NetworkQualityAnalysis\STM123_graph_metrics.csv,10.873689057605707
0.8,1.1,0.6,C:\Users\User\Desktop\research-updates\NetworkQualityAnalysis\STM131_graph_metrics.csv,32.30545867483974
0.8,1.1,0.6,C:\Users\User\Desktop\research-updates\NetworkQualityAnalysis\STM194_graph_metrics.csv,23.935490625494094
0.8,1.1,0.6,C:\Users\User\Desktop\research-updates\NetworkQualityAnalysis\STM20_graph_metrics.csv,19.79832038336775
0.8,1.1,0.6,C:\Users\User\Desktop\research-updates\NetworkQualityAnalysis\STM31_graph_metrics.csv,12.689138782864461
0.8,1.1,0.6,C:\Users\User\Desktop\research-updates\NetworkQualityAnalysis\STM57_b_graph_metrics.csv,13.098062001435672
0.8,1.1,0.6,C:\Users\User\Desktop\research-updates\NetworkQualityAnalysis\STM57_c_graph_metrics.csv,15.107907106564586
0.8,1.1,0.6,C:\Users\User\Desktop\research-updates\NetworkQualityAnalysis\STM57_graph_metrics.csv,13.730679636801067
0.8,1.1,0.6,C:\Users\User\Desktop\research-updates\NetworkQualityAnalysis\STM79_graph_metrics.csv,17.561502572619858
0.8,1.1,0.6,C:\Users\User\Desktop\research-updates\NetworkQualityAnalysis\STM86_graph_metrics.csv,32.93828500133671
0.8,1.1,0.6,C:\Users\User\Desktop\research-updates\NetworkQualityAnalysis\TestForSkeletonization_2_graph_metrics.csv,107.1610369427388
0.8,1.1,0.8999999999999999,C:\Users\User\Desktop\research-updates\NetworkQualityAnalysis\STM02_graph_metrics.csv,17.6520503679899
0.8,1.1,0.8999999999999999,C:\Users\User\Desktop\research-updates\NetworkQualityAnalysis\STM114_graph_metrics.csv,29.081590644549454
0.8,1.1,0.8999999999999999,C:\Users\User\Desktop\research-updates\NetworkQualityAnalysis\STM123_graph_metrics.csv,10.998107430366302
0.8,1.1,0.8999999999999999,C:\Users\User\Desktop\research-updates\NetworkQualityAnalysis\STM131_graph_metrics.csv,32.429877047600336
0.8,1.1,0.8999999999999999,C:\Users\User\Desktop\research-updates\NetworkQualityAnalysis\STM194_graph_metrics.csv,24.059908998254688
0.8,1.1,0.8999999999999999,C:\Users\User\Desktop\research-updates\NetworkQualityAnalysis\STM20_graph_metrics.csv,19.922738756128343
0.8,1.1,0.8999999999999999,C:\Users\User\Desktop\research-updates\NetworkQualityAnalysis\STM31_graph_metrics.csv,12.813557155625055
0.8,1.1,0.8999999999999999,C:\Users\User\Desktop\research-updates\NetworkQualityAnalysis\STM57_b_graph_metrics.csv,13.222480374196266
0.8,1.1,0.8999999999999999,C:\Users\User\Desktop\research-updates\NetworkQualityAnalysis\STM57_c_graph_metrics.csv,15.23232547932518
0.8,1.1,0.8999999999999999,C:\Users\User\Desktop\research-updates\NetworkQualityAnalysis\STM57_graph_metrics.csv,13.855098009561662
0.8,1.1,0.8999999999999999,C:\Users\User\Desktop\research-updates\NetworkQualityAnalysis\STM79_graph_metrics.csv,17.685920945380452
0.8,1.1,0.8999999999999999,C:\Users\User\Desktop\research-updates\NetworkQualityAnalysis\STM86_graph_metrics.csv,33.0627033740973
0.8,1.1,0.8999999999999999,C:\Users\User\Desktop\research-updates\NetworkQualityAnalysis\TestForSkeletonization_2_graph_metrics.csv,107.2854553154994
0.8,1.1,1.2,C:\Users\User\Desktop\research-updates\NetworkQualityAnalysis\STM02_graph_metrics.csv,17.691046493223844
0.8,1.1,1.2,C:\Users\User\Desktop\research-updates\NetworkQualityAnalysis\STM114_graph_metrics.csv,29.120586769783397
0.8,1.1,1.2,C:\Users\User\Desktop\research-updates\NetworkQualityAnalysis\STM123_graph_metrics.csv,11.037103555600245
0.8,1.1,1.2,C:\Users\User\Desktop\research-updates\NetworkQualityAnalysis\STM131_graph_metrics.csv,32.46887317283428
0.8,1.1,1.2,C:\Users\User\Desktop\research-updates\NetworkQualityAnalysis\STM194_graph_metrics.csv,24.09890512348863
0.8,1.1,1.2,C:\Users\User\Desktop\research-updates\NetworkQualityAnalysis\STM20_graph_metrics.csv,19.961734881362286
0.8,1.1,1.2,C:\Users\User\Desktop\research-updates\NetworkQualityAnalysis\STM31_graph_metrics.csv,12.852553280858999
0.8,1.1,1.2,C:\Users\User\Desktop\research-updates\NetworkQualityAnalysis\STM57_b_graph_metrics.csv,13.26147649943021
0.8,1.1,1.2,C:\Users\User\Desktop\research-updates\NetworkQualityAnalysis\STM57_c_graph_metrics.csv,15.271321604559123
0.8,1.1,1.2,C:\Users\User\Desktop\research-updates\NetworkQualityAnalysis\STM57_graph_metrics.csv,13.894094134795605
0.8,1.1,1.2,C:\Users\User\Desktop\research-updates\NetworkQualityAnalysis\STM79_graph_metrics.csv,17.724917070614396
0.8,1.1,1.2,C:\Users\User\Desktop\research-updates\NetworkQualityAnalysis\STM86_graph_metrics.csv,33.10169949933125
0.8,1.1,1.2,C:\Users\User\Desktop\research-updates\NetworkQualityAnalysis\TestForSkeletonization_2_graph_metrics.csv,107.32445144073334
0.8,1.35,0.3,C:\Users\User\Desktop\research-updates\NetworkQualityAnalysis\STM02_graph_metrics.csv,17.515586918624003
0.8,1.35,0.3,C:\Users\User\Desktop\research-updates\NetworkQualityAnalysis\STM114_graph_metrics.csv,28.945127195183556
0.8,1.35,0.3,C:\Users\User\Desktop\research-updates\NetworkQualityAnalysis\STM123_graph_metrics.csv,10.861643981000404
0.8,1.35,0.3,C:\Users\User\Desktop\research-updates\NetworkQualityAnalysis\STM131_graph_metrics.csv,32.29341359823444
0.8,1.35,0.3,C:\Users\User\Desktop\research-updates\NetworkQualityAnalysis\STM194_graph_metrics.csv,23.92344554888879
0.8,1.35,0.3,C:\Users\User\Desktop\research-updates\NetworkQualityAnalysis\STM20_graph_metrics.csv,19.786275306762445
0.8,1.35,0.3,C:\Users\User\Desktop\research-updates\NetworkQualityAnalysis\STM31_graph_metrics.csv,12.677093706259157
0.8,1.35,0.3,C:\Users\User\Desktop\research-updates\NetworkQualityAnalysis\STM57_b_graph_metrics.csv,13.086016924830368
0.8,1.35,0.3,C:\Users\User\Desktop\research-updates\NetworkQualityAnalysis\STM57_c_graph_metrics.csv,15.095862029959282
0.8,1.35,0.3,C:\Users\User\Desktop\research-updates\NetworkQualityAnalysis\STM57_graph_metrics.csv,13.718634560195763
0.8,1.35,0.3,C:\Users\User\Desktop\research-updates\NetworkQualityAnalysis\STM79_graph_metrics.csv,17.549457496014554
0.8,1.35,0.3,C:\Users\User\Desktop\research-updates\NetworkQualityAnalysis\STM86_graph_metrics.csv,32.926239924731405
0.8,1.35,0.3,C:\Users\User\Desktop\research-updates\NetworkQualityAnalysis\TestForSkeletonization_2_graph_metrics.csv,107.14899186613351
0.8,1.35,0.6,C:\Users\User\Desktop\research-updates\NetworkQualityAnalysis\STM02_graph_metrics.csv,17.511543268215668
0.8,1.35,0.6,C:\Users\User\Desktop\research-updates\NetworkQualityAnalysis\STM114_graph_metrics.csv,28.94108354477522
0.8,1.35,0.6,C:\Users\User\Desktop\research-updates\NetworkQualityAnalysis\STM123_graph_metrics.csv,10.857600330592069
0.8,1.35,0.6,C:\Users\User\Desktop\research-updates\NetworkQualityAnalysis\STM131_graph_metrics.csv,32.2893699478261
0.8,1.35,0.6,C:\Users\User\Desktop\research-updates\NetworkQualityAnalysis\STM194_graph_metrics.csv,23.919401898480455
0.8,1.35,0.6,C:\Users\User\Desktop\research-updates\NetworkQualityAnalysis\STM20_graph_metrics.csv,19.78223165635411
0.8,1.35,0.6,C:\Users\User\Desktop\research-updates\NetworkQualityAnalysis\STM31_graph_metrics.csv,12.673050055850823
0.8,1.35,0.6,C:\Users\User\Desktop\research-updates\NetworkQualityAnalysis\STM57_b_graph_metrics.csv,13.081973274422033
0.8,1.35,0.6,C:\Users\User\Desktop\research-updates\NetworkQualityAnalysis\STM57_c_graph_metrics.csv,15.091818379550947
0.8,1.35,0.6,C:\Users\User\Desktop\research-updates\NetworkQualityAnalysis\STM57_graph_metrics.csv,13.714590909787429
0.8,1.35,0.6,C:\Users\User\Desktop\research-updates\NetworkQualityAnalysis\STM79_graph_metrics.csv,17.54541384560622
0.8,1.35,0.6,C:\Users\User\Desktop\research-updates\NetworkQualityAnalysis\STM86_graph_metrics.csv,32.92219627432307
0.8,1.35,0.6,C:\Users\User\Desktop\research-updates\NetworkQualityAnalysis\TestForSkeletonization_2_graph_metrics.csv,107.14494821572517
0.8,1.35,0.8999999999999999,C:\Users\User\Desktop\research-updates\NetworkQualityAnalysis\STM02_graph_metrics.csv,17.64423588714669
0.8,1.35,0.8999999999999999,C:\Users\User\Desktop\research-updates\NetworkQualityAnalysis\STM114_graph_metrics.csv,29.073776163706242
0.8,1.35,0.8999999999999999,C:\Users\User\Desktop\research-updates\NetworkQualityAnalysis\STM123_graph_metrics.csv,10.990292949523088
0.8,1.35,0.8999999999999999,C:\Users\User\Desktop\research-updates\NetworkQualityAnalysis\STM131_graph_metrics.csv,32.42206256675712
0.8,1.35,0.8999999999999999,C:\Users\User\Desktop\research-updates\NetworkQualityAnalysis\STM194_graph_metrics.csv,24.052094517411476
0.8,1.35,0.8999999999999999,C:\Users\User\Desktop\research-updates\NetworkQualityAnalysis\STM20_graph_metrics.csv,19.91492427528513
0.8,1.35,0.8999999999999999,C:\Users\User\Desktop\research-updates\NetworkQualityAnalysis\STM31_graph_metrics.csv,12.805742674781841
0.8,1.35,0.8999999999999999,C:\Users\User\Desktop\research-updates\NetworkQualityAnalysis\STM57_b_graph_metrics.csv,13.214665893353052
0.8,1.35,0.8999999999999999,C:\Users\User\Desktop\research-updates\NetworkQualityAnalysis\STM57_c_graph_metrics.csv,15.224510998481966
0.8,1.35,0.8999999999999999,C:\Users\User\Desktop\research-updates\NetworkQualityAnalysis\STM57_graph_metrics.csv,13.847283528718448
0.8,1.35,0.8999999999999999,C:\Users\User\Desktop\research-updates\NetworkQualityAnalysis\STM79_graph_metrics.csv,17.67810646453724
0.8,1.35,0.8999999999999999,C:\Users\User\Desktop\research-updates\NetworkQualityAnalysis\STM86_graph_metrics.csv,33.05488889325409
0.8,1.35,0.8999999999999999,C:\Users\User\Desktop\research-updates\NetworkQualityAnalysis\TestForSkeletonization_2_graph_metrics.csv,107.2776408346562
0.8,1.35,1.2,C:\Users\User\Desktop\research-updates\NetworkQualityAnalysis\STM02_graph_metrics.csv,17.676586219940816
0.8,1.35,1.2,C:\Users\User\Desktop\research-updates\NetworkQualityAnalysis\STM114_graph_metrics.csv,29.10612649650037
0.8,1.35,1.2,C:\Users\User\Desktop\research-updates\NetworkQualityAnalysis\STM123_graph_metrics.csv,11.022643282317219
0.8,1.35,1.2,C:\Users\User\Desktop\research-updates\NetworkQualityAnalysis\STM131_graph_metrics.csv,32.45441289955125
0.8,1.35,1.2,C:\Users\User\Desktop\research-updates\NetworkQualityAnalysis\STM194_graph_metrics.csv,24.084444850205603
0.8,1.35,1.2,C:\Users\User\Desktop\research-updates\NetworkQualityAnalysis\STM20_graph_metrics.csv,19.94727460807926
0.8,1.35,1.2,C:\Users\User\Desktop\research-updates\NetworkQualityAnalysis\STM31_graph_metrics.csv,12.838093007575972
0.8,1.35,1.2,C:\Users\User\Desktop\research-updates\NetworkQualityAnalysis\STM57_b_graph_metrics.csv,13.247016226147183
0.8,1.35,1.2,C:\Users\User\Desktop\research-updates\NetworkQualityAnalysis\STM57_c_graph_metrics.csv,15.256861331276097
0.8,1.35,1.2,C:\Users\User\Desktop\research-updates\NetworkQualityAnalysis\STM57_graph_metrics.csv,13.879633861512579
0.8,1.35,1.2,C:\Users\User\Desktop\research-updates\NetworkQualityAnalysis\STM79_graph_metrics.csv,17.710456797331368
0.8,1.35,1.2,C:\Users\User\Desktop\research-updates\NetworkQualityAnalysis\STM86_graph_metrics.csv,33.08723922604822
0.8,1.35,1.2,C:\Users\User\Desktop\research-updates\NetworkQualityAnalysis\TestForSkeletonization_2_graph_metrics.csv,107.30999116745032
0.8,1.6,0.3,C:\Users\User\Desktop\research-updates\NetworkQualityAnalysis\STM02_graph_metrics.csv,17.51135712140109
0.8,1.6,0.3,C:\Users\User\Desktop\research-updates\NetworkQualityAnalysis\STM114_graph_metrics.csv,28.940897397960644
0.8,1.6,0.3,C:\Users\User\Desktop\research-updates\NetworkQualityAnalysis\STM123_graph_metrics.csv,10.857414183777491
0.8,1.6,0.3,C:\Users\User\Desktop\research-updates\NetworkQualityAnalysis\STM131_graph_metrics.csv,32.289183801011525
0.8,1.6,0.3,C:\Users\User\Desktop\research-updates\NetworkQualityAnalysis\STM194_graph_metrics.csv,23.919215751665877
0.8,1.6,0.3,C:\Users\User\Desktop\research-updates\NetworkQualityAnalysis\STM20_graph_metrics.csv,19.782045509539532
0.8,1.6,0.3,C:\Users\User\Desktop\research-updates\NetworkQualityAnalysis\STM31_graph_metrics.csv,12.672863909036245
0.8,1.6,0.3,C:\Users\User\Desktop\research-updates\NetworkQualityAnalysis\STM57_b_graph_metrics.csv,13.081787127607456
0.8,1.6,0.3,C:\Users\User\Desktop\research-updates\NetworkQualityAnalysis\STM57_c_graph_metrics.csv,15.09163223273637
0.8,1.6,0.3,C:\Users\User\Desktop\research-updates\NetworkQualityAnalysis\STM57_graph_metrics.csv,13.714404762972851
0.8,1.6,0.3,C:\Users\User\Desktop\research-updates\NetworkQualityAnalysis\STM79_graph_metrics.csv,17.545227698791642
0.8,1.6,0.3,C:\Users\User\Desktop\research-updates\NetworkQualityAnalysis\STM86_graph_metrics.csv,32.92201012750849
0.8,1.6,0.3,C:\Users\User\Desktop\research-updates\NetworkQualityAnalysis\TestForSkeletonization_2_graph_metrics.csv,107.1447620689106
0.8,1.6,0.6,C:\Users\User\Desktop\research-updates\NetworkQualityAnalysis\STM02_graph_metrics.csv,17.501690521877283
0.8,1.6,0.6,C:\Users\User\Desktop\research-updates\NetworkQualityAnalysis\STM114_graph_metrics.csv,28.931230798436836
0.8,1.6,0.6,C:\Users\User\Desktop\research-updates\NetworkQualityAnalysis\STM123_graph_metrics.csv,10.847747584253684
0.8,1.6,0.6,C:\Users\User\Desktop\research-updates\NetworkQualityAnalysis\STM131_graph_metrics.csv,32.27951720148772
0.8,1.6,0.6,C:\Users\User\Desktop\research-updates\NetworkQualityAnalysis\STM194_graph_metrics.csv,23.90954915214207
0.8,1.6,0.6,C:\Users\User\Desktop\research-updates\NetworkQualityAnalysis\STM20_graph_metrics.csv,19.772378910015725
0.8,1.6,0.6,C:\Users\User\Desktop\research-updates\NetworkQualityAnalysis\STM31_graph_metrics.csv,12.663197309512437
0.8,1.6,0.6,C:\Users\User\Desktop\research-updates\NetworkQualityAnalysis\STM57_b_graph_metrics.csv,13.072120528083648
0.8,1.6,0.6,C:\Users\User\Desktop\research-updates\NetworkQualityAnalysis\STM57_c_graph_metrics.csv,15.081965633212562
0.8,1.6,0.6,C:\Users\User\Desktop\research-updates\NetworkQualityAnalysis\STM57_graph_metrics.csv,13.704738163449043
0.8,1.6,0.6,C:\Users\User\Desktop\research-updates\NetworkQualityAnalysis\STM79_graph_metrics.csv,17.535561099267834
0.8,1.6,0.6,C:\Users\User\Desktop\research-updates\NetworkQualityAnalysis\STM86_graph_metrics.csv,32.91234352798469
0.8,1.6,0.6,C:\Users\User\Desktop\research-updates\NetworkQualityAnalysis\TestForSkeletonization_2_graph_metrics.csv,107.13509546938678
0.8,1.6,0.8999999999999999,C:\Users\User\Desktop\research-updates\NetworkQualityAnalysis\STM02_graph_metrics.csv,17.6418995407032
0.8,1.6,0.8999999999999999,C:\Users\User\Desktop\research-updates\NetworkQualityAnalysis\STM114_graph_metrics.csv,29.071439817262753
0.8,1.6,0.8999999999999999,C:\Users\User\Desktop\research-updates\NetworkQualityAnalysis\STM123_graph_metrics.csv,10.987956603079601
0.8,1.6,0.8999999999999999,C:\Users\User\Desktop\research-updates\NetworkQualityAnalysis\STM131_graph_metrics.csv,32.419726220313635
0.8,1.6,0.8999999999999999,C:\Users\User\Desktop\research-updates\NetworkQualityAnalysis\STM194_graph_metrics.csv,24.049758170967987
0.8,1.6,0.8999999999999999,C:\Users\User\Desktop\research-updates\NetworkQualityAnalysis\STM20_graph_metrics.csv,19.912587928841642
0.8,1.6,0.8999999999999999,C:\Users\User\Desktop\research-updates\NetworkQualityAnalysis\STM31_graph_metrics.csv,12.803406328338355
0.8,1.6,0.8999999999999999,C:\Users\User\Desktop\research-updates\NetworkQualityAnalysis\STM57_b_graph_metrics.csv,13.212329546909565
0.8,1.6,0.8999999999999999,C:\Users\User\Desktop\research-updates\NetworkQualityAnalysis\STM57_c_graph_metrics.csv,15.222174652038479
0.8,1.6,0.8999999999999999,C:\Users\User\Desktop\research-updates\NetworkQualityAnalysis\STM57_graph_metrics.csv,13.84494718227496
0.8,1.6,0.8999999999999999,C:\Users\User\Desktop\research-updates\NetworkQualityAnalysis\STM79_graph_metrics.csv,17.67577011809375
0.8,1.6,0.8999999999999999,C:\Users\User\Desktop\research-updates\NetworkQualityAnalysis\STM86_graph_metrics.csv,33.0525525468106
0.8,1.6,0.8999999999999999,C:\Users\User\Desktop\research-updates\NetworkQualityAnalysis\TestForSkeletonization_2_graph_metrics.csv,107.27530448821271
0.8,1.6,1.2,C:\Users\User\Desktop\research-updates\NetworkQualityAnalysis\STM02_graph_metrics.csv,17.63801060948048
0.8,1.6,1.2,C:\Users\User\Desktop\research-updates\NetworkQualityAnalysis\STM114_graph_metrics.csv,29.067550886040035
0.8,1.6,1.2,C:\Users\User\Desktop\research-updates\NetworkQualityAnalysis\STM123_graph_metrics.csv,10.984067671856884
0.8,1.6,1.2,C:\Users\User\Desktop\research-updates\NetworkQualityAnalysis\STM131_graph_metrics.csv,32.415837289090916
0.8,1.6,1.2,C:\Users\User\Desktop\research-updates\NetworkQualityAnalysis\STM194_graph_metrics.csv,24.04586923974527
0.8,1.6,1.2,C:\Users\User\Desktop\research-updates\NetworkQualityAnalysis\STM20_graph_metrics.csv,19.908698997618924
0.8,1.6,1.2,C:\Users\User\Desktop\research-updates\NetworkQualityAnalysis\STM31_graph_metrics.csv,12.799517397115638
0.8,1.6,1.2,C:\Users\User\Desktop\research-updates\NetworkQualityAnalysis\STM57_b_graph_metrics.csv,13.208440615686849
0.8,1.6,1.2,C:\Users\User\Desktop\research-updates\NetworkQualityAnalysis\STM57_c_graph_metrics.csv,15.218285720815762
0.8,1.6,1.2,C:\Users\User\Desktop\research-updates\NetworkQualityAnalysis\STM57_graph_metrics.csv,13.841058251052244
0.8,1.6,1.2,C:\Users\User\Desktop\research-updates\NetworkQualityAnalysis\STM79_graph_metrics.csv,17.671881186871033
0.8,1.6,1.2,C:\Users\User\Desktop\research-updates\NetworkQualityAnalysis\STM86_graph_metrics.csv,33.048663615587884
0.8,1.6,1.2,C:\Users\User\Desktop\research-updates\NetworkQualityAnalysis\TestForSkeletonization_2_graph_metrics.csv,107.27141555699
1.15,1.1,0.3,C:\Users\User\Desktop\research-updates\NetworkQualityAnalysis\STM02_graph_metrics.csv,17.476960236664212
1.15,1.1,0.3,C:\Users\User\Desktop\research-updates\NetworkQualityAnalysis\STM114_graph_metrics.csv,28.906500513223765
1.15,1.1,0.3,C:\Users\User\Desktop\research-updates\NetworkQualityAnalysis\STM123_graph_metrics.csv,10.823017299040615
1.15,1.1,0.3,C:\Users\User\Desktop\research-updates\NetworkQualityAnalysis\STM131_graph_metrics.csv,32.25478691627465
1.15,1.1,0.3,C:\Users\User\Desktop\research-updates\NetworkQualityAnalysis\STM194_graph_metrics.csv,23.884818866929
1.15,1.1,0.3,C:\Users\User\Desktop\research-updates\NetworkQualityAnalysis\STM20_graph_metrics.csv,19.747648624802654
1.15,1.1,0.3,C:\Users\User\Desktop\research-updates\NetworkQualityAnalysis\STM31_graph_metrics.csv,12.638467024299368
1.15,1.1,0.3,C:\Users\User\Desktop\research-updates\NetworkQualityAnalysis\STM57_b_graph_metrics.csv,13.047390242870579
1.15,1.1,0.3,C:\Users\User\Desktop\research-updates\NetworkQualityAnalysis\STM57_c_graph_metrics.csv,15.057235347999493
1.15,1.1,0.3,C:\Users\User\Desktop\research-updates\NetworkQualityAnalysis\STM57_graph_metrics.csv,13.680007878235974
1.15,1.1,0.3,C:\Users\User\Desktop\research-updates\NetworkQualityAnalysis\STM79_graph_metrics.csv,17.510830814054763
1.15,1.1,0.3,C:\Users\User\Desktop\research-updates\NetworkQualityAnalysis\STM86_graph_metrics.csv,32.887613242771614
1.15,1.1,0.3,C:\Users\User\Desktop\research-updates\NetworkQualityAnalysis\TestForSkeletonization_2_graph_metrics.csv,107.11036518417372
1.15,1.1,0.6,C:\Users\User\Desktop\research-updates\NetworkQualityAnalysis\STM02_graph_metrics.csv,17.410736614978017
1.15,1.1,0.6,C:\Users\User\Desktop\research-updates\NetworkQualityAnalysis\STM114_graph_metrics.csv,28.84027689153757
1.15,1.1,0.6,C:\Users\User\Desktop\research-updates\NetworkQualityAnalysis\STM123_graph_metrics.csv,10.75679367735442
1.15,1.1,0.6,C:\Users\User\Desktop\research-updates\NetworkQualityAnalysis\STM131_graph_metrics.csv,32.188563294588455
1.15,1.1,0.6,C:\Users\User\Desktop\research-updates\NetworkQualityAnalysis\STM194_graph_metrics.csv,23.818595245242804
1.15,1.1,0.6,C:\Users\User\Desktop\research-updates\NetworkQualityAnalysis\STM20_graph_metrics.csv,19.68142500311646
1.15,1.1,0.6,C:\Users\User\Desktop\research-updates\NetworkQualityAnalysis\STM31_graph_metrics.csv,12.572243402613172
1.15,1.1,0.6,C:\Users\User\Desktop\research-updates\NetworkQualityAnalysis\STM57_b_graph_metrics.csv,12.981166621184382
1.15,1.1,0.6,C:\Users\User\Desktop\research-updates\NetworkQualityAnalysis\STM57_c_graph_metrics.csv,14.991011726313296
1.15,1.1,0.6,C:\Users\User\Desktop\research-updates\NetworkQualityAnalysis\STM57_graph_metrics.csv,13.613784256549778
1.15,1.1,0.6,C:\Users\User\Desktop\research-updates\NetworkQualityAnalysis\STM79_graph_metrics.csv,17.44460719236857
1.15,1.1,0.6,C:\Users\User\Desktop\research-updates\NetworkQualityAnalysis\STM86_graph_metrics.csv,32.82138962108542
1.15,1.1,0.6,C:\Users\User\Desktop\research-updates\NetworkQualityAnalysis\TestForSkeletonization_2_graph_metrics.csv,107.04414156248752
1.15,1.1,0.8999999999999999,C:\Users\User\Desktop\research-updates\NetworkQualityAnalysis\STM02_graph_metrics.csv,17.450793176373235
1.15,1.1,0.8999999999999999,C:\Users\User\Desktop\research-updates\NetworkQualityAnalysis\STM114_graph_metrics.csv,28.88033345293279
1.15,1.1,0.8999999999999999,C:\Users\User\Desktop\research-updates\NetworkQualityAnalysis\STM123_graph_metrics.csv,10.796850238749636
1.15,1.1,0.8999999999999999,C:\Users\User\Desktop\research-updates\NetworkQualityAnalysis\STM131_graph_metrics.csv,32.228619855983666
1.15,1.1,0.8999999999999999,C:\Users\User\Desktop\research-updates\NetworkQualityAnalysis\STM194_graph_metrics.csv,23.858651806638022
1.15,1.1,0.8999999999999999,C:\Users\User\Desktop\research-updates\NetworkQualityAnalysis\STM20_graph_metrics.csv,19.721481564511677
1.15,1.1,0.8999999999999999,C:\Users\User\Desktop\research-updates\NetworkQualityAnalysis\STM31_graph_metrics.csv,12.61229996400839
1.15,1.1,0.8999999999999999,C:\Users\User\Desktop\research-updates\NetworkQualityAnalysis\STM57_b_graph_metrics.csv,13.0212231825796
1.15,1.1,0.8999999999999999,C:\Users\User\Desktop\research-updates\NetworkQualityAnalysis\STM57_c_graph_metrics.csv,15.031068287708514
1.15,1.1,0.8999999999999999,C:\Users\User\Desktop\research-updates\NetworkQualityAnalysis\STM57_graph_metrics.csv,13.653840817944996
1.15,1.1,0.8999999999999999,C:\Users\User\Desktop\research-updates\NetworkQualityAnalysis\STM79_graph_metrics.csv,17.484663753763787
1.15,1.1,0.8999999999999999,C:\Users\User\Desktop\research-updates\NetworkQualityAnalysis\STM86_graph_metrics.csv,32.861446182480634
1.15,1.1,0.8999999999999999,C:\Users\User\Desktop\research-updates\NetworkQualityAnalysis\TestForSkeletonization_2_graph_metrics.csv,107.08419812388274
1.15,1.1,1.2,C:\Users\User\Desktop\research-updates\NetworkQualityAnalysis\STM02_graph_metrics.csv,17.635179958353124
1.15,1.1,1.2,C:\Users\User\Desktop\research-updates\NetworkQualityAnalysis\STM114_graph_metrics.csv,29.064720234912677
1.15,1.1,1.2,C:\Users\User\Desktop\research-updates\NetworkQualityAnalysis\STM123_graph_metrics.csv,10.981237020729525
1.15,1.1,1.2,C:\Users\User\Desktop\research-updates\NetworkQualityAnalysis\STM131_graph_metrics.csv,32.413006637963555
1.15,1.1,1.2,C:\Users\User\Desktop\research-updates\NetworkQualityAnalysis\STM194_graph_metrics.csv,24.04303858861791
1.15,1.1,1.2,C:\Users\User\Desktop\research-updates\NetworkQualityAnalysis\STM20_graph_metrics.csv,19.905868346491566
1.15,1.1,1.2,C:\Users\User\Desktop\research-updates\NetworkQualityAnalysis\STM31_graph_metrics.csv,12.796686745988278
1.15,1.1,1.2,C:\Users\User\Desktop\research-updates\NetworkQualityAnalysis\STM57_b_graph_metrics.csv,13.205609964559489
1.15,1.1,1.2,C:\Users\User\Desktop\research-updates\NetworkQualityAnalysis\STM57_c_graph_metrics.csv,15.215455069688403
1.15,1.1,1.2,C:\Users\User\Desktop\research-updates\NetworkQualityAnalysis\STM57_graph_metrics.csv,13.838227599924885
1.15,1.1,1.2,C:\Users\User\Desktop\research-updates\NetworkQualityAnalysis\STM79_graph_metrics.csv,17.669050535743676
1.15,1.1,1.2,C:\Users\User\Desktop\research-updates\NetworkQualityAnalysis\STM86_graph_metrics.csv,33.04583296446052
1.15,1.1,1.2,C:\Users\User\Desktop\research-updates\NetworkQualityAnalysis\TestForSkeletonization_2_graph_metrics.csv,107.26858490586262
1.15,1.35,0.3,C:\Users\User\Desktop\research-updates\NetworkQualityAnalysis\STM02_graph_metrics.csv,17.511413794146762
1.15,1.35,0.3,C:\Users\User\Desktop\research-updates\NetworkQualityAnalysis\STM114_graph_metrics.csv,28.940954070706315
1.15,1.35,0.3,C:\Users\User\Desktop\research-updates\NetworkQualityAnalysis\STM123_graph_metrics.csv,10.857470856523165
1.15,1.35,0.3,C:\Users\User\Desktop\research-updates\NetworkQualityAnalysis\STM131_graph_metrics.csv,32.2892404737572
1.15,1.35,0.3,C:\Users\User\Desktop\research-updates\NetworkQualityAnalysis\STM194_graph_metrics.csv,23.91927242441155
1.15,1.35,0.3,C:\Users\User\Desktop\research-updates\NetworkQualityAnalysis\STM20_graph_metrics.csv,19.782102182285204
1.15,1.35,0.3,C:\Users\User\Desktop\research-updates\NetworkQualityAnalysis\STM31_graph_metrics.csv,12.672920581781918
1.15,1.35,0.3,C:\Users\User\Desktop\research-updates\NetworkQualityAnalysis\STM57_b_graph_metrics.csv,13.081843800353129
1.15,1.35,0.3,C:\Users\User\Desktop\research-updates\NetworkQualityAnalysis\STM57_c_graph_metrics.csv,15.091688905482043
1.15,1.35,0.3,C:\Users\User\Desktop\research-updates\NetworkQualityAnalysis\STM57_graph_metrics.csv,13.714461435718524
1.15,1.35,0.3,C:\Users\User\Desktop\research-updates\NetworkQualityAnalysis\STM79_graph_metrics.csv,17.545284371537313
1.15,1.35,0.3,C:\Users\User\Desktop\research-updates\NetworkQualityAnalysis\STM86_graph_metrics.csv,32.922066800254164
1.15,1.35,0.3,C:\Users\User\Desktop\research-updates\NetworkQualityAnalysis\TestForSkeletonization_2_graph_metrics.csv,107.14481874165627
1.15,1.35,0.6,C:\Users\User\Desktop\research-updates\NetworkQualityAnalysis\STM02_graph_metrics.csv,17.494799444094095
1.15,1.35,0.6,C:\Users\User\Desktop\research-updates\NetworkQualityAnalysis\STM114_graph_metrics.csv,28.92433972065365
1.15,1.35,0.6,C:\Users\User\Desktop\research-updates\NetworkQualityAnalysis\STM123_graph_metrics.csv,10.840856506470494
1.15,1.35,0.6,C:\Users\User\Desktop\research-updates\NetworkQualityAnalysis\STM131_graph_metrics.csv,32.272626123704526
1.15,1.35,0.6,C:\Users\User\Desktop\research-updates\NetworkQualityAnalysis\STM194_graph_metrics.csv,23.902658074358882
1.15,1.35,0.6,C:\Users\User\Desktop\research-updates\NetworkQualityAnalysis\STM20_graph_metrics.csv,19.765487832232537
1.15,1.35,0.6,C:\Users\User\Desktop\research-updates\NetworkQualityAnalysis\STM31_graph_metrics.csv,12.656306231729248
1.15,1.35,0.6,C:\Users\User\Desktop\research-updates\NetworkQualityAnalysis\STM57_b_graph_metrics.csv,13.065229450300459
1.15,1.35,0.6,C:\Users\User\Desktop\research-updates\NetworkQualityAnalysis\STM57_c_graph_metrics.csv,15.075074555429373
1.15,1.35,0.6,C:\Users\User\Desktop\research-updates\NetworkQualityAnalysis\STM57_graph_metrics.csv,13.697847085665854
1.15,1.35,0.6,C:\Users\User\Desktop\research-updates\NetworkQualityAnalysis\STM79_graph_metrics.csv,17.528670021484647
1.15,1.35,0.6,C:\Users\User\Desktop\research-updates\NetworkQualityAnalysis\STM86_graph_metrics.csv,32.905452450201494
1.15,1.35,0.6,C:\Users\User\Desktop\research-updates\NetworkQualityAnalysis\TestForSkeletonization_2_graph_metrics.csv,107.1282043916036
1.15,1.35,0.8999999999999999,C:\Users\User\Desktop\research-updates\NetworkQualityAnalysis\STM02_graph_metrics.csv,17.506109418692784
1.15,1.35,0.8999999999999999,C:\Users\User\Desktop\research-updates\NetworkQualityAnalysis\STM114_graph_metrics.csv,28.935649695252337
1.15,1.35,0.8999999999999999,C:\Users\User\Desktop\research-updates\NetworkQualityAnalysis\STM123_graph_metrics.csv,10.852166481069187
1.15,1.35,0.8999999999999999,C:\Users\User\Desktop\research-updates\NetworkQualityAnalysis\STM131_graph_metrics.csv,32.28393609830322
1.15,1.35,0.8999999999999999,C:\Users\User\Desktop\research-updates\NetworkQualityAnalysis\STM194_graph_metrics.csv,23.91396804895757
1.15,1.35,0.8999999999999999,C:\Users\User\Desktop\research-updates\NetworkQualityAnalysis\STM20_graph_metrics.csv,19.776797806831226
1.15,1.35,0.8999999999999999,C:\Users\User\Desktop\research-updates\NetworkQualityAnalysis\STM31_graph_metrics.csv,12.667616206327938
1.15,1.35,0.8999999999999999,C:\Users\User\Desktop\research-updates\NetworkQualityAnalysis\STM57_b_graph_metrics.csv,13.076539424899149
1.15,1.35,0.8999999999999999,C:\Users\User\Desktop\research-updates\NetworkQualityAnalysis\STM57_c_graph_metrics.csv,15.086384530028063
1.15,1.35,0.8999999999999999,C:\Users\User\Desktop\research-updates\NetworkQualityAnalysis\STM57_graph_metrics.csv,13.709157060264545
1.15,1.35,0.8999999999999999,C:\Users\User\Desktop\research-updates\NetworkQualityAnalysis\STM79_graph_metrics.csv,17.539979996083336
1.15,1.35,0.8999999999999999,C:\Users\User\Desktop\research-updates\NetworkQualityAnalysis\STM86_graph_metrics.csv,32.91676242480019
1.15,1.35,0.8999999999999999,C:\Users\User\Desktop\research-updates\NetworkQualityAnalysis\TestForSkeletonization_2_graph_metrics.csv,107.13951436620229
1.15,1.35,1.2,C:\Users\User\Desktop\research-updates\NetworkQualityAnalysis\STM02_graph_metrics.csv,17.611308946015477
1.15,1.35,1.2,C:\Users\User\Desktop\research-updates\NetworkQualityAnalysis\STM114_graph_metrics.csv,29.04084922257503
1.15,1.35,1.2,C:\Users\User\Desktop\research-updates\NetworkQualityAnalysis\STM123_graph_metrics.csv,10.957366008391878
1.15,1.35,1.2,C:\Users\User\Desktop\research-updates\NetworkQualityAnalysis\STM131_graph_metrics.csv,32.38913562562591
1.15,1.35,1.2,C:\Users\User\Desktop\research-updates\NetworkQualityAnalysis\STM194_graph_metrics.csv,24.019167576280264
1.15,1.35,1.2,C:\Users\User\Desktop\research-updates\NetworkQualityAnalysis\STM20_graph_metrics.csv,19.88199733415392
1.15,1.35,1.2,C:\Users\User\Desktop\research-updates\NetworkQualityAnalysis\STM31_graph_metrics.csv,12.772815733650631
1.15,1.35,1.2,C:\Users\User\Desktop\research-updates\NetworkQualityAnalysis\STM57_b_graph_metrics.csv,13.181738952221842
1.15,1.35,1.2,C:\Users\User\Desktop\research-updates\NetworkQualityAnalysis\STM57_c_graph_metrics.csv,15.191584057350756
1.15,1.35,1.2,C:\Users\User\Desktop\research-updates\NetworkQualityAnalysis\STM57_graph_metrics.csv,13.814356587587238
1.15,1.35,1.2,C:\Users\User\Desktop\research-updates\NetworkQualityAnalysis\STM79_graph_metrics.csv,17.64517952340603
1.15,1.35,1.2,C:\Users\User\Desktop\research-updates\NetworkQualityAnalysis\STM86_graph_metrics.csv,33.02196195212288
1.15,1.35,1.2,C:\Users\User\Desktop\research-updates\NetworkQualityAnalysis\TestForSkeletonization_2_graph_metrics.csv,107.24471389352499
1.15,1.6,0.3,C:\Users\User\Desktop\research-updates\NetworkQualityAnalysis\STM02_graph_metrics.csv,17.499378359345165
1.15,1.6,0.3,C:\Users\User\Desktop\research-updates\NetworkQualityAnalysis\STM114_graph_metrics.csv,28.92891863590472
1.15,1.6,0.3,C:\Users\User\Desktop\research-updates\NetworkQualityAnalysis\STM123_graph_metrics.csv,10.845435421721566
1.15,1.6,0.3,C:\Users\User\Desktop\research-updates\NetworkQualityAnalysis\STM131_graph_metrics.csv,32.2772050389556
1.15,1.6,0.3,C:\Users\User\Desktop\research-updates\NetworkQualityAnalysis\STM194_graph_metrics.csv,23.907236989609952
1.15,1.6,0.3,C:\Users\User\Desktop\research-updates\NetworkQualityAnalysis\STM20_graph_metrics.csv,19.770066747483607
1.15,1.6,0.3,C:\Users\User\Desktop\research-updates\NetworkQualityAnalysis\STM31_graph_metrics.csv,12.66088514698032
1.15,1.6,0.3,C:\Users\User\Desktop\research-updates\NetworkQualityAnalysis\STM57_b_graph_metrics.csv,13.06980836555153
1.15,1.6,0.3,C:\Users\User\Desktop\research-updates\NetworkQualityAnalysis\STM57_c_graph_metrics.csv,15.079653470680444
1.15,1.6,0.3,C:\Users\User\Desktop\research-updates\NetworkQualityAnalysis\STM57_graph_metrics.csv,13.702426000916926
1.15,1.6,0.3,C:\Users\User\Desktop\research-updates\NetworkQualityAnalysis\STM79_graph_metrics.csv,17.533248936735717
1.15,1.6,0.3,C:\Users\User\Desktop\research-updates\NetworkQualityAnalysis\STM86_graph_metrics.csv,32.91003136545257
1.15,1.6,0.3,C:\Users\User\Desktop\research-updates\NetworkQualityAnalysis\TestForSkeletonization_2_graph_metrics.csv,107.13278330685466
1.15,1.6,0.6,C:\Users\User\Desktop\research-updates\NetworkQualityAnalysis\STM02_graph_metrics.csv,17.509620912407946
1.15,1.6,0.6,C:\Users\User\Desktop\research-updates\NetworkQualityAnalysis\STM114_graph_metrics.csv,28.9391611889675
1.15,1.6,0.6,C:\Users\User\Desktop\research-updates\NetworkQualityAnalysis\STM123_graph_metrics.csv,10.855677974784347
1.15,1.6,0.6,C:\Users\User\Desktop\research-updates\NetworkQualityAnalysis\STM131_graph_metrics.csv,32.28744759201838
1.15,1.6,0.6,C:\Users\User\Desktop\research-updates\NetworkQualityAnalysis\STM194_graph_metrics.csv,23.917479542672734
1.15,1.6,0.6,C:\Users\User\Desktop\research-updates\NetworkQualityAnalysis\STM20_graph_metrics.csv,19.78030930054639
1.15,1.6,0.6,C:\Users\User\Desktop\research-updates\NetworkQualityAnalysis\STM31_graph_metrics.csv,12.671127700043101
1.15,1.6,0.6,C:\Users\User\Desktop\research-updates\NetworkQualityAnalysis\STM57_b_graph_metrics.csv,13.080050918614312
1.15,1.6,0.6,C:\Users\User\Desktop\research-updates\NetworkQualityAnalysis\STM57_c_graph_metrics.csv,15.089896023743226
1.15,1.6,0.6,C:\Users\User\Desktop\research-updates\NetworkQualityAnalysis\STM57_graph_metrics.csv,13.712668553979707
1.15,1.6,0.6,C:\Users\User\Desktop\research-updates\NetworkQualityAnalysis\STM79_graph_metrics.csv,17.543491489798498
1.15,1.6,0.6,C:\Users\User\Desktop\research-updates\NetworkQualityAnalysis\STM86_graph_metrics.csv,32.92027391851535
1.15,1.6,0.6,C:\Users\User\Desktop\research-updates\NetworkQualityAnalysis\TestForSkeletonization_2_graph_metrics.csv,107.14302585991744
1.15,1.6,0.8999999999999999,C:\Users\User\Desktop\research-updates\NetworkQualityAnalysis\STM02_graph_metrics.csv,17.555739439901668
1.15,1.6,0.8999999999999999,C:\Users\User\Desktop\research-updates\NetworkQualityAnalysis\STM114_graph_metrics.csv,28.98527971646122
1.15,1.6,0.8999999999999999,C:\Users\User\Desktop\research-updates\NetworkQualityAnalysis\STM123_graph_metrics.csv,10.901796502278067
1.15,1.6,0.8999999999999999,C:\Users\User\Desktop\research-updates\NetworkQualityAnalysis\STM131_graph_metrics.csv,32.3335661195121
1.15,1.6,0.8999999999999999,C:\Users\User\Desktop\research-updates\NetworkQualityAnalysis\STM194_graph_metrics.csv,23.963598070166455
1.15,1.6,0.8999999999999999,C:\Users\User\Desktop\research-updates\NetworkQualityAnalysis\STM20_graph_metrics.csv,19.82642782804011
1.15,1.6,0.8999999999999999,C:\Users\User\Desktop\research-updates\NetworkQualityAnalysis\STM31_graph_metrics.csv,12.71724622753682
1.15,1.6,0.8999999999999999,C:\Users\User\Desktop\research-updates\NetworkQualityAnalysis\STM57_b_graph_metrics.csv,13.126169446108031
1.15,1.6,0.8999999999999999,C:\Users\User\Desktop\research-updates\NetworkQualityAnalysis\STM57_c_graph_metrics.csv,15.136014551236945
1.15,1.6,0.8999999999999999,C:\Users\User\Desktop\research-updates\NetworkQualityAnalysis\STM57_graph_metrics.csv,13.758787081473427
1.15,1.6,0.8999999999999999,C:\Users\User\Desktop\research-updates\NetworkQualityAnalysis\STM79_graph_metrics.csv,17.58961001729222
1.15,1.6,0.8999999999999999,C:\Users\User\Desktop\research-updates\NetworkQualityAnalysis\STM86_graph_metrics.csv,32.96639244600907
1.15,1.6,0.8999999999999999,C:\Users\User\Desktop\research-updates\NetworkQualityAnalysis\TestForSkeletonization_2_graph_metrics.csv,107.18914438741118
1.15,1.6,1.2,C:\Users\User\Desktop\research-updates\NetworkQualityAnalysis\STM02_graph_metrics.csv,17.62852972203185
1.15,1.6,1.2,C:\Users\User\Desktop\research-updates\NetworkQualityAnalysis\STM114_graph_metrics.csv,29.058069998591403
1.15,1.6,1.2,C:\Users\User\Desktop\research-updates\NetworkQualityAnalysis\STM123_graph_metrics.csv,10.97458678440825
1.15,1.6,1.2,C:\Users\User\Desktop\research-updates\NetworkQualityAnalysis\STM131_graph_metrics.csv,32.406356401642284
1.15,1.6,1.2,C:\Users\User\Desktop\research-updates\NetworkQualityAnalysis\STM194_graph_metrics.csv,24.036388352296637
1.15,1.6,1.2,C:\Users\User\Desktop\research-updates\NetworkQualityAnalysis\STM20_graph_metrics.csv,19.899218110170292
1.15,1.6,1.2,C:\Users\User\Desktop\research-updates\NetworkQualityAnalysis\STM31_graph_metrics.csv,12.790036509667004
1.15,1.6,1.2,C:\Users\User\Desktop\research-updates\NetworkQualityAnalysis\STM57_b_graph_metrics.csv,13.198959728238215
1.15,1.6,1.2,C:\Users\User\Desktop\research-updates\NetworkQualityAnalysis\STM57_c_graph_metrics.csv,15.208804833367129
1.15,1.6,1.2,C:\Users\User\Desktop\research-updates\NetworkQualityAnalysis\STM57_graph_metrics.csv,13.83157736360361
1.15,1.6,1.2,C:\Users\User\Desktop\research-updates\NetworkQualityAnalysis\STM79_graph_metrics.csv,17.6624002994224
1.15,1.6,1.2,C:\Users\User\Desktop\research-updates\NetworkQualityAnalysis\STM86_graph_metrics.csv,33.03918272813925
1.15,1.6,1.2,C:\Users\User\Desktop\research-updates\NetworkQualityAnalysis\TestForSkeletonization_2_graph_metrics.csv,107.26193466954135
1.5,1.1,0.3,C:\Users\User\Desktop\research-updates\NetworkQualityAnalysis\STM02_graph_metrics.csv,17.375889958671983
1.5,1.1,0.3,C:\Users\User\Desktop\research-updates\NetworkQualityAnalysis\STM114_graph_metrics.csv,28.805430235231537
1.5,1.1,0.3,C:\Users\User\Desktop\research-updates\NetworkQualityAnalysis\STM123_graph_metrics.csv,10.721947021048384
1.5,1.1,0.3,C:\Users\User\Desktop\research-updates\NetworkQualityAnalysis\STM131_graph_metrics.csv,32.15371663828242
1.5,1.1,0.3,C:\Users\User\Desktop\research-updates\NetworkQualityAnalysis\STM194_graph_metrics.csv,23.78374858893677
1.5,1.1,0.3,C:\Users\User\Desktop\research-updates\NetworkQualityAnalysis\STM20_graph_metrics.csv,19.646578346810426
1.5,1.1,0.3,C:\Users\User\Desktop\research-updates\NetworkQualityAnalysis\STM31_graph_metrics.csv,12.537396746307138
1.5,1.1,0.3,C:\Users\User\Desktop\research-updates\NetworkQualityAnalysis\STM57_b_graph_metrics.csv,12.946319964878349
1.5,1.1,0.3,C:\Users\User\Desktop\research-updates\NetworkQualityAnalysis\STM57_c_graph_metrics.csv,14.956165070007263
1.5,1.1,0.3,C:\Users\User\Desktop\research-updates\NetworkQualityAnalysis\STM57_graph_metrics.csv,13.578937600243744
1.5,1.1,0.3,C:\Users\User\Desktop\research-updates\NetworkQualityAnalysis\STM79_graph_metrics.csv,17.409760536062535
1.5,1.1,0.3,C:\Users\User\Desktop\research-updates\NetworkQualityAnalysis\STM86_graph_metrics.csv,32.786542964779386
1.5,1.1,0.3,C:\Users\User\Desktop\research-updates\NetworkQualityAnalysis\TestForSkeletonization_2_graph_metrics.csv,107.00929490618148
1.5,1.1,0.6,C:\Users\User\Desktop\research-updates\NetworkQualityAnalysis\STM02_graph_metrics.csv,17.418530592928494
1.5,1.1,0.6,C:\Users\User\Desktop\research-updates\NetworkQualityAnalysis\STM114_graph_metrics.csv,28.848070869488048
1.5,1.1,0.6,C:\Users\User\Desktop\research-updates\NetworkQualityAnalysis\STM123_graph_metrics.csv,10.764587655304895
1.5,1.1,0.6,C:\Users\User\Desktop\research-updates\NetworkQualityAnalysis\STM131_graph_metrics.csv,32.196357272538926
1.5,1.1,0.6,C:\Users\User\Desktop\research-updates\NetworkQualityAnalysis\STM194_graph_metrics.csv,23.82638922319328
1.5,1.1,0.6,C:\Users\User\Desktop\research-updates\NetworkQualityAnalysis\STM20_graph_metrics.csv,19.689218981066936
1.5,1.1,0.6,C:\Users\User\Desktop\research-updates\NetworkQualityAnalysis\STM31_graph_metrics.csv,12.580037380563649
1.5,1.1,0.6,C:\Users\User\Desktop\research-updates\NetworkQualityAnalysis\STM57_b_graph_metrics.csv,12.98896059913486
1.5,1.1,0.6,C:\Users\User\Desktop\research-updates\NetworkQualityAnalysis\STM57_c_graph_metrics.csv,14.998805704263773
1.5,1.1,0.6,C:\Users\User\Desktop\research-updates\NetworkQualityAnalysis\STM57_graph_metrics.csv,13.621578234500255
1.5,1.1,0.6,C:\Users\User\Desktop\research-updates\NetworkQualityAnalysis\STM79_graph_metrics.csv,17.452401170319046
1.5,1.1,0.6,C:\Users\User\Desktop\research-updates\NetworkQualityAnalysis\STM86_graph_metrics.csv,32.82918359903589
1.5,1.1,0.6,C:\Users\User\Desktop\research-updates\NetworkQualityAnalysis\TestForSkeletonization_2_graph_metrics.csv,107.051935540438
1.5,1.1,0.8999999999999999,C:\Users\User\Desktop\research-updates\NetworkQualityAnalysis\STM02_graph_metrics.csv,17.40609508772389
1.5,1.1,0.8999999999999999,C:\Users\User\Desktop\research-updates\NetworkQualityAnalysis\STM114_graph_metrics.csv,28.835635364283444
1.5,1.1,0.8999999999999999,C:\Users\User\Desktop\research-updates\NetworkQualityAnalysis\STM123_graph_metrics.csv,10.75215215010029
1.5,1.1,0.8999999999999999,C:\Users\User\Desktop\research-updates\NetworkQualityAnalysis\STM131_graph_metrics.csv,32.183921767334326
1.5,1.1,0.8999999999999999,C:\Users\User\Desktop\research-updates\NetworkQualityAnalysis\STM194_graph_metrics.csv,23.813953717988678
1.5,1.1,0.8999999999999999,C:\Users\User\Desktop\research-updates\NetworkQualityAnalysis\STM20_graph_metrics.csv,19.676783475862333
1.5,1.1,0.8999999999999999,C:\Users\User\Desktop\research-updates\NetworkQualityAnalysis\STM31_graph_metrics.csv,12.567601875359044
1.5,1.1,0.8999999999999999,C:\Users\User\Desktop\research-updates\NetworkQualityAnalysis\STM57_b_graph_metrics.csv,12.976525093930254
1.5,1.1,0.8999999999999999,C:\Users\User\Desktop\research-updates\NetworkQualityAnalysis\STM57_c_graph_metrics.csv,14.986370199059168
1.5,1.1,0.8999999999999999,C:\Users\User\Desktop\research-updates\NetworkQualityAnalysis\STM57_graph_metrics.csv,13.60914272929565
1.5,1.1,0.8999999999999999,C:\Users\User\Desktop\research-updates\NetworkQualityAnalysis\STM79_graph_metrics.csv,17.439965665114443
1.5,1.1,0.8999999999999999,C:\Users\User\Desktop\research-updates\NetworkQualityAnalysis\STM86_graph_metrics.csv,32.81674809383129
1.5,1.1,0.8999999999999999,C:\Users\User\Desktop\research-updates\NetworkQualityAnalysis\TestForSkeletonization_2_graph_metrics.csv,107.03950003523339
1.5,1.1,1.2,C:\Users\User\Desktop\research-updates\NetworkQualityAnalysis\STM02_graph_metrics.csv,17.423986251345738
1.5,1.1,1.2,C:\Users\User\Desktop\research-updates\NetworkQualityAnalysis\STM114_graph_metrics.csv,28.85352652790529
1.5,1.1,1.2,C:\Users\User\Desktop\research-updates\NetworkQualityAnalysis\STM123_graph_metrics.csv,10.77004331372214
1.5,1.1,1.2,C:\Users\User\Desktop\research-updates\NetworkQualityAnalysis\STM131_graph_metrics.csv,32.20181293095617
1.5,1.1,1.2,C:\Users\User\Desktop\research-updates\NetworkQualityAnalysis\STM194_graph_metrics.csv,23.831844881610525
1.5,1.1,1.2,C:\Users\User\Desktop\research-updates\NetworkQualityAnalysis\STM20_graph_metrics.csv,19.69467463948418
1.5,1.1,1.2,C:\Users\User\Desktop\research-updates\NetworkQualityAnalysis\STM31_graph_metrics.csv,12.585493038980893
1.5,1.1,1.2,C:\Users\User\Desktop\research-updates\NetworkQualityAnalysis\STM57_b_graph_metrics.csv,12.994416257552103
1.5,1.1,1.2,C:\Users\User\Desktop\research-updates\NetworkQualityAnalysis\STM57_c_graph_metrics.csv,15.004261362681017
1.5,1.1,1.2,C:\Users\User\Desktop\research-updates\NetworkQualityAnalysis\STM57_graph_metrics.csv,13.627033892917499
1.5,1.1,1.2,C:\Users\User\Desktop\research-updates\NetworkQualityAnalysis\STM79_graph_metrics.csv,17.45785682873629
1.5,1.1,1.2,C:\Users\User\Desktop\research-updates\NetworkQualityAnalysis\STM86_graph_metrics.csv,32.83463925745314
1.5,1.1,1.2,C:\Users\User\Desktop\research-updates\NetworkQualityAnalysis\TestForSkeletonization_2_graph_metrics.csv,107.05739119885524
1.5,1.35,0.3,C:\Users\User\Desktop\research-updates\NetworkQualityAnalysis\STM02_graph_metrics.csv,17.411228193358788
1.5,1.35,0.3,C:\Users\User\Desktop\research-updates\NetworkQualityAnalysis\STM114_graph_metrics.csv,28.84076846991834
1.5,1.35,0.3,C:\Users\User\Desktop\research-updates\NetworkQualityAnalysis\STM123_graph_metrics.csv,10.75728525573519
1.5,1.35,0.3,C:\Users\User\Desktop\research-updates\NetworkQualityAnalysis\STM131_graph_metrics.csv,32.18905487296922
1.5,1.35,0.3,C:\Users\User\Desktop\research-updates\NetworkQualityAnalysis\STM194_graph_metrics.csv,23.819086823623575
1.5,1.35,0.3,C:\Users\User\Desktop\research-updates\NetworkQualityAnalysis\STM20_graph_metrics.csv,19.68191658149723
1.5,1.35,0.3,C:\Users\User\Desktop\research-updates\NetworkQualityAnalysis\STM31_graph_metrics.csv,12.572734980993944
1.5,1.35,0.3,C:\Users\User\Desktop\research-updates\NetworkQualityAnalysis\STM57_b_graph_metrics.csv,12.981658199565155
1.5,1.35,0.3,C:\Users\User\Desktop\research-updates\NetworkQualityAnalysis\STM57_c_graph_metrics.csv,14.991503304694069
1.5,1.35,0.3,C:\Users\User\Desktop\research-updates\NetworkQualityAnalysis\STM57_graph_metrics.csv,13.61427583493055
1.5,1.35,0.3,C:\Users\User\Desktop\research-updates\NetworkQualityAnalysis\STM79_graph_metrics.csv,17.44509877074934
1.5,1.35,0.3,C:\Users\User\Desktop\research-updates\NetworkQualityAnalysis\STM86_graph_metrics.csv,32.82188119946619
1.5,1.35,0.3,C:\Users\User\Desktop\research-updates\NetworkQualityAnalysis\TestForSkeletonization_2_graph_metrics.csv,107.0446331408683
1.5,1.35,0.6,C:\Users\User\Desktop\research-updates\NetworkQualityAnalysis\STM02_graph_metrics.csv,17.377981475537833
1.5,1.35,0.6,C:\Users\User\Desktop\research-updates\NetworkQualityAnalysis\STM114_graph_metrics.csv,28.807521752097387
1.5,1.35,0.6,C:\Users\User\Desktop\research-updates\NetworkQualityAnalysis\STM123_graph_metrics.csv,10.724038537914234
1.5,1.35,0.6,C:\Users\User\Desktop\research-updates\NetworkQualityAnalysis\STM131_graph_metrics.csv,32.155808155148264
1.5,1.35,0.6,C:\Users\User\Desktop\research-updates\NetworkQualityAnalysis\STM194_graph_metrics.csv,23.78584010580262
1.5,1.35,0.6,C:\Users\User\Desktop\research-updates\NetworkQualityAnalysis\STM20_graph_metrics.csv,19.648669863676275
1.5,1.35,0.6,C:\Users\User\Desktop\research-updates\NetworkQualityAnalysis\STM31_graph_metrics.csv,12.539488263172988
1.5,1.35,0.6,C:\Users\User\Desktop\research-updates\NetworkQualityAnalysis\STM57_b_graph_metrics.csv,12.948411481744198
1.5,1.35,0.6,C:\Users\User\Desktop\research-updates\NetworkQualityAnalysis\STM57_c_graph_metrics.csv,14.958256586873112
1.5,1.35,0.6,C:\Users\User\Desktop\research-updates\NetworkQualityAnalysis\STM57_graph_metrics.csv,13.581029117109594
1.5,1.35,0.6,C:\Users\User\Desktop\research-updates\NetworkQualityAnalysis\STM79_graph_metrics.csv,17.411852052928385
1.5,1.35,0.6,C:\Users\User\Desktop\research-updates\NetworkQualityAnalysis\STM86_graph_metrics.csv,32.78863448164523
1.5,1.35,0.6,C:\Users\User\Desktop\research-updates\NetworkQualityAnalysis\TestForSkeletonization_2_graph_metrics.csv,107.01138642304734
1.5,1.35,0.8999999999999999,C:\Users\User\Desktop\research-updates\NetworkQualityAnalysis\STM02_graph_metrics.csv,17.450837752359927
1.5,1.35,0.8999999999999999,C:\Users\User\Desktop\research-updates\NetworkQualityAnalysis\STM114_graph_metrics.csv,28.88037802891948
1.5,1.35,0.8999999999999999,C:\Users\User\Desktop\research-updates\NetworkQualityAnalysis\STM123_graph_metrics.csv,10.796894814736328
1.5,1.35,0.8999999999999999,C:\Users\User\Desktop\research-updates\NetworkQualityAnalysis\STM131_graph_metrics.csv,32.22866443197036
1.5,1.35,0.8999999999999999,C:\Users\User\Desktop\research-updates\NetworkQualityAnalysis\STM194_graph_metrics.csv,23.858696382624714
1.5,1.35,0.8999999999999999,C:\Users\User\Desktop\research-updates\NetworkQualityAnalysis\STM20_graph_metrics.csv,19.72152614049837
1.5,1.35,0.8999999999999999,C:\Users\User\Desktop\research-updates\NetworkQualityAnalysis\STM31_graph_metrics.csv,12.612344539995082
1.5,1.35,0.8999999999999999,C:\Users\User\Desktop\research-updates\NetworkQualityAnalysis\STM57_b_graph_metrics.csv,13.021267758566292
1.5,1.35,0.8999999999999999,C:\Users\User\Desktop\research-updates\NetworkQualityAnalysis\STM57_c_graph_metrics.csv,15.031112863695206
1.5,1.35,0.8999999999999999,C:\Users\User\Desktop\research-updates\NetworkQualityAnalysis\STM57_graph_metrics.csv,13.653885393931688
1.5,1.35,0.8999999999999999,C:\Users\User\Desktop\research-updates\NetworkQualityAnalysis\STM79_graph_metrics.csv,17.48470832975048
1.5,1.35,0.8999999999999999,C:\Users\User\Desktop\research-updates\NetworkQualityAnalysis\STM86_graph_metrics.csv,32.861490758467326
1.5,1.35,0.8999999999999999,C:\Users\User\Desktop\research-updates\NetworkQualityAnalysis\TestForSkeletonization_2_graph_metrics.csv,107.08424269986944
1.5,1.35,1.2,C:\Users\User\Desktop\research-updates\NetworkQualityAnalysis\STM02_graph_metrics.csv,17.434525094513027
1.5,1.35,1.2,C:\Users\User\Desktop\research-updates\NetworkQualityAnalysis\STM114_graph_metrics.csv,28.86406537107258
1.5,1.35,1.2,C:\Users\User\Desktop\research-updates\NetworkQualityAnalysis\STM123_graph_metrics.csv,10.780582156889427
1.5,1.35,1.2,C:\Users\User\Desktop\research-updates\NetworkQualityAnalysis\STM131_graph_metrics.csv,32.21235177412346
1.5,1.35,1.2,C:\Users\User\Desktop\research-updates\NetworkQualityAnalysis\STM194_graph_metrics.csv,23.842383724777815
1.5,1.35,1.2,C:\Users\User\Desktop\research-updates\NetworkQualityAnalysis\STM20_graph_metrics.csv,19.70521348265147
1.5,1.35,1.2,C:\Users\User\Desktop\research-updates\NetworkQualityAnalysis\STM31_graph_metrics.csv,12.59603188214818
1.5,1.35,1.2,C:\Users\User\Desktop\research-updates\NetworkQualityAnalysis\STM57_b_graph_metrics.csv,13.00495510071939
1.5,1.35,1.2,C:\Users\User\Desktop\research-updates\NetworkQualityAnalysis\STM57_c_graph_metrics.csv,15.014800205848305
1.5,1.35,1.2,C:\Users\User\Desktop\research-updates\NetworkQualityAnalysis\STM57_graph_metrics.csv,13.637572736084786
1.5,1.35,1.2,C:\Users\User\Desktop\research-updates\NetworkQualityAnalysis\STM79_graph_metrics.csv,17.46839567190358
1.5,1.35,1.2,C:\Users\User\Desktop\research-updates\NetworkQualityAnalysis\STM86_graph_metrics.csv,32.84517810062043
1.5,1.35,1.2,C:\Users\User\Desktop\research-updates\NetworkQualityAnalysis\TestForSkeletonization_2_graph_metrics.csv,107.06793004202252
1.5,1.6,0.3,C:\Users\User\Desktop\research-updates\NetworkQualityAnalysis\STM02_graph_metrics.csv,17.477504922483153
1.5,1.6,0.3,C:\Users\User\Desktop\research-updates\NetworkQualityAnalysis\STM114_graph_metrics.csv,28.907045199042706
1.5,1.6,0.3,C:\Users\User\Desktop\research-updates\NetworkQualityAnalysis\STM123_graph_metrics.csv,10.823561984859552
1.5,1.6,0.3,C:\Users\User\Desktop\research-updates\NetworkQualityAnalysis\STM131_graph_metrics.csv,32.255331602093584
1.5,1.6,0.3,C:\Users\User\Desktop\research-updates\NetworkQualityAnalysis\STM194_graph_metrics.csv,23.88536355274794
1.5,1.6,0.3,C:\Users\User\Desktop\research-updates\NetworkQualityAnalysis\STM20_graph_metrics.csv,19.748193310621595
1.5,1.6,0.3,C:\Users\User\Desktop\research-updates\NetworkQualityAnalysis\STM31_graph_metrics.csv,12.639011710118305
1.5,1.6,0.3,C:\Users\User\Desktop\research-updates\NetworkQualityAnalysis\STM57_b_graph_metrics.csv,13.047934928689516
1.5,1.6,0.3,C:\Users\User\Desktop\research-updates\NetworkQualityAnalysis\STM57_c_graph_metrics.csv,15.05778003381843
1.5,1.6,0.3,C:\Users\User\Desktop\research-updates\NetworkQualityAnalysis\STM57_graph_metrics.csv,13.680552564054912
1.5,1.6,0.3,C:\Users\User\Desktop\research-updates\NetworkQualityAnalysis\STM79_graph_metrics.csv,17.511375499873704
1.5,1.6,0.3,C:\Users\User\Desktop\research-updates\NetworkQualityAnalysis\STM86_graph_metrics.csv,32.88815792859055
1.5,1.6,0.3,C:\Users\User\Desktop\research-updates\NetworkQualityAnalysis\TestForSkeletonization_2_graph_metrics.csv,107.11090986999265
1.5,1.6,0.6,C:\Users\User\Desktop\research-updates\NetworkQualityAnalysis\STM02_graph_metrics.csv,17.448601023869724
1.5,1.6,0.6,C:\Users\User\Desktop\research-updates\NetworkQualityAnalysis\STM114_graph_metrics.csv,28.878141300429277
1.5,1.6,0.6,C:\Users\User\Desktop\research-updates\NetworkQualityAnalysis\STM123_graph_metrics.csv,10.794658086246127
1.5,1.6,0.6,C:\Users\User\Desktop\research-updates\NetworkQualityAnalysis\STM131_graph_metrics.csv,32.22642770348016
1.5,1.6,0.6,C:\Users\User\Desktop\research-updates\NetworkQualityAnalysis\STM194_graph_metrics.csv,23.85645965413451
1.5,1.6,0.6,C:\Users\User\Desktop\research-updates\NetworkQualityAnalysis\STM20_graph_metrics.csv,19.719289412008166
1.5,1.6,0.6,C:\Users\User\Desktop\research-updates\NetworkQualityAnalysis\STM31_graph_metrics.csv,12.61010781150488
1.5,1.6,0.6,C:\Users\User\Desktop\research-updates\NetworkQualityAnalysis\STM57_b_graph_metrics.csv,13.019031030076091
1.5,1.6,0.6,C:\Users\User\Desktop\research-updates\NetworkQualityAnalysis\STM57_c_graph_metrics.csv,15.028876135205005
1.5,1.6,0.6,C:\Users\User\Desktop\research-updates\NetworkQualityAnalysis\STM57_graph_metrics.csv,13.651648665441487
1.5,1.6,0.6,C:\Users\User\Desktop\research-updates\NetworkQualityAnalysis\STM79_graph_metrics.csv,17.482471601260276
1.5,1.6,0.6,C:\Users\User\Desktop\research-updates\NetworkQualityAnalysis\STM86_graph_metrics.csv,32.85925402997713
1.5,1.6,0.6,C:\Users\User\Desktop\research-updates\NetworkQualityAnalysis\TestForSkeletonization_2_graph_metrics.csv,107.08200597137923
1.5,1.6,0.8999999999999999,C:\Users\User\Desktop\research-updates\NetworkQualityAnalysis\STM02_graph_metrics.csv,17.493956257735885
1.5,1.6,0.8999999999999999,C:\Users\User\Desktop\research-updates\NetworkQualityAnalysis\STM114_graph_metrics.csv,28.923496534295438
1.5,1.6,0.8999999999999999,C:\Users\User\Desktop\research-updates\NetworkQualityAnalysis\STM123_graph_metrics.csv,10.840013320112288
1.5,1.6,0.8999999999999999,C:\Users\User\Desktop\research-updates\NetworkQualityAnalysis\STM131_graph_metrics.csv,32.27178293734632
1.5,1.6,0.8999999999999999,C:\Users\User\Desktop\research-updates\NetworkQualityAnalysis\STM194_graph_metrics.csv,23.901814888000672
1.5,1.6,0.8999999999999999,C:\Users\User\Desktop\research-updates\NetworkQualityAnalysis\STM20_graph_metrics.csv,19.764644645874327
1.5,1.6,0.8999999999999999,C:\Users\User\Desktop\research-updates\NetworkQualityAnalysis\STM31_graph_metrics.csv,12.65546304537104
1.5,1.6,0.8999999999999999,C:\Users\User\Desktop\research-updates\NetworkQualityAnalysis\STM57_b_graph_metrics.csv,13.06438626394225
1.5,1.6,0.8999999999999999,C:\Users\User\Desktop\research-updates\NetworkQualityAnalysis\STM57_c_graph_metrics.csv,15.074231369071164
1.5,1.6,0.8999999999999999,C:\Users\User\Desktop\research-updates\NetworkQualityAnalysis\STM57_graph_metrics.csv,13.697003899307646
1.5,1.6,0.8999999999999999,C:\Users\User\Desktop\research-updates\NetworkQualityAnalysis\STM79_graph_metrics.csv,17.527826835126437
1.5,1.6,0.8999999999999999,C:\Users\User\Desktop\research-updates\NetworkQualityAnalysis\STM86_graph_metrics.csv,32.90460926384329
1.5,1.6,0.8999999999999999,C:\Users\User\Desktop\research-updates\NetworkQualityAnalysis\TestForSkeletonization_2_graph_metrics.csv,107.12736120524539
1.5,1.6,1.2,C:\Users\User\Desktop\research-updates\NetworkQualityAnalysis\STM02_graph_metrics.csv,17.519756164618297
1.5,1.6,1.2,C:\Users\User\Desktop\research-updates\NetworkQualityAnalysis\STM114_graph_metrics.csv,28.94929644117785
1.5,1.6,1.2,C:\Users\User\Desktop\research-updates\NetworkQualityAnalysis\STM123_graph_metrics.csv,10.865813226994698
1.5,1.6,1.2,C:\Users\User\Desktop\research-updates\NetworkQualityAnalysis\STM131_graph_metrics.csv,32.297582844228735
1.5,1.6,1.2,C:\Users\User\Desktop\research-updates\NetworkQualityAnalysis\STM194_graph_metrics.csv,23.927614794883084
1.5,1.6,1.2,C:\Users\User\Desktop\research-updates\NetworkQualityAnalysis\STM20_graph_metrics.csv,19.79044455275674
1.5,1.6,1.2,C:\Users\User\Desktop\research-updates\NetworkQualityAnalysis\STM31_graph_metrics.csv,12.681262952253451
1.5,1.6,1.2,C:\Users\User\Desktop\research-updates\NetworkQualityAnalysis\STM57_b_graph_metrics.csv,13.090186170824662
1.5,1.6,1.2,C:\Users\User\Desktop\research-updates\NetworkQualityAnalysis\STM57_c_graph_metrics.csv,15.100031275953576
1.5,1.6,1.2,C:\Users\User\Desktop\research-updates\NetworkQualityAnalysis\STM57_graph_metrics.csv,13.722803806190058
1.5,1.6,1.2,C:\Users\User\Desktop\research-updates\NetworkQualityAnalysis\STM79_graph_metrics.csv,17.55362674200885
1.5,1.6,1.2,C:\Users\User\Desktop\research-updates\NetworkQualityAnalysis\STM86_graph_metrics.csv,32.9304091707257
1.5,1.6,1.2,C:\Users\User\Desktop\research-updates\NetworkQualityAnalysis\TestForSkeletonization_2_graph_metrics.csv,107.1531611121278
